,source,target
0,1000m,3174f
1,1001m,7911f
2,1002m,2624f
3,1004m,5044f
4,1007m,3740f
5,100m,3192f
6,1012m,704f
7,1013m,208f
8,1016m,3659f
9,1019m,1324f
10,1027m,3026f
11,102m,4485f
12,1034m,3018f
13,1035m,135f
14,1039m,6336f
15,1042m,729f
16,1043m,1680f
17,1045m,3077f
18,1045m,2717f
19,1048m,2047f
20,1053m,1852f
21,1056m,4677f
22,105m,373f
23,1060m,4115f
24,1064m,90f
25,1066m,4831f
26,1068m,3244f
27,106m,4504f
28,1070m,5011f
29,1074m,3237f
30,1075m,858f
31,1085m,78f
32,1086m,3234f
33,1087m,2439f
34,1089m,4257f
35,1090m,5680f
36,1096m,3219f
37,1099m,812f
38,1102m,2568f
39,1105m,3834f
40,1108m,3403f
41,1111m,2997f
42,1114m,4961f
43,1115m,791f
44,1120m,244f
45,1127m,1818f
46,1129m,3323f
47,1130m,5499f
48,1133m,4666f
49,1138m,3308f
50,1141m,4453f
51,1142m,5301f
52,1143m,2249f
53,1147m,2985f
54,1148m,2736f
55,1150m,6314f
56,1152m,695f
57,1156m,5572f
58,1158m,1861f
59,1159m,2612f
60,1160m,4588f
61,1162m,1337f
62,1162m,4546f
63,1164m,657f
64,1167m,1424f
65,1168m,2461f
66,1170m,840f
67,1171m,3548f
68,1179m,5284f
69,1182m,2830f
70,1197m,6649f
71,1199m,3982f
72,119m,4156f
73,11m,2277f
74,1204m,2034f
75,1205m,2813f
76,1205m,2726f
77,1210m,179f
78,1212m,289f
79,1213m,2990f
80,1213m,3853f
81,1216m,2422f
82,121m,802f
83,1225m,2396f
84,1226m,1585f
85,1229m,5333f
86,1232m,3524f
87,1234m,7593f
88,1235m,4846f
89,1237m,1135f
90,1238m,5277f
91,1239m,1910f
92,123m,348f
93,1240m,4471f
94,1243m,4990f
95,1245m,735f
96,124m,660f
97,1254m,994f
98,1254m,51f
99,1255m,3565f
100,1256m,3075f
101,125m,2519f
102,1263m,1608f
103,1272m,2262f
104,1273m,242f
105,1279m,186f
106,127m,593f
107,1280m,1187f
108,1288m,1014f
109,1293m,1059f
110,1294m,4081f
111,1297m,1973f
112,129m,4044f
113,1306m,4290f
114,1311m,480f
115,1312m,3409f
116,1318m,3726f
117,1323m,5323f
118,132m,3772f
119,1331m,2545f
120,1333m,4233f
121,1338m,1260f
122,1339m,2097f
123,133m,2493f
124,1346m,4997f
125,1347m,3201f
126,1348m,3290f
127,1352m,3213f
128,1354m,4652f
129,1364m,3071f
130,1373m,4743f
131,1373m,7219f
132,1379m,101f
133,137m,1215f
134,137m,2300f
135,1383m,4971f
136,1389m,3979f
137,138m,1653f
138,1390m,4046f
139,1396m,4109f
140,139m,4315f
141,1401m,4295f
142,1402m,234f
143,1406m,6929f
144,1410m,1217f
145,1416m,2718f
146,1418m,3143f
147,1419m,4551f
148,141m,1663f
149,1420m,1091f
150,1421m,1859f
151,1422m,1594f
152,1425m,2655f
153,1428m,1624f
154,1428m,1622f
155,142m,3887f
156,1430m,4096f
157,1431m,2056f
158,1432m,317f
159,1433m,6836f
160,1435m,3958f
161,1439m,627f
162,1440m,5356f
163,1451m,5348f
164,1451m,5387f
165,1456m,3194f
166,1457m,3704f
167,145m,3629f
168,1467m,1378f
169,1470m,4565f
170,1471m,996f
171,1472m,869f
172,1475m,3528f
173,1476m,1602f
174,1477m,3565f
175,1482m,3983f
176,1488m,4505f
177,1489m,526f
178,1490m,3698f
179,1495m,5518f
180,1498m,4350f
181,1499m,4276f
182,1500m,1753f
183,1505m,4393f
184,1507m,1151f
185,1509m,2515f
186,1511m,6326f
187,1512m,2077f
188,1513m,4174f
189,1520m,835f
190,1522m,3184f
191,1526m,5290f
192,152m,4095f
193,1533m,710f
194,1535m,2171f
195,153m,1466f
196,1544m,2705f
197,1546m,5365f
198,154m,3803f
199,1550m,4154f
200,1552m,853f
201,1553m,803f
202,1554m,3034f
203,1557m,671f
204,1564m,2646f
205,1567m,1620f
206,1570m,2002f
207,1571m,3208f
208,1572m,1302f
209,1574m,2966f
210,1582m,4435f
211,1589m,2347f
212,1592m,936f
213,1593m,6739f
214,159m,3777f
215,1605m,3437f
216,1605m,5899f
217,1607m,1011f
218,160m,2149f
219,1612m,1270f
220,1623m,3485f
221,1627m,5368f
222,1630m,167f
223,1630m,2672f
224,1635m,1831f
225,1640m,6928f
226,1641m,2362f
227,1642m,3406f
228,1643m,7026f
229,1649m,2170f
230,1650m,1918f
231,1652m,6930f
232,1660m,4317f
233,1668m,2051f
234,1669m,1979f
235,1670m,2693f
236,1672m,4213f
237,1672m,7693f
238,1673m,2427f
239,1676m,1769f
240,1678m,2181f
241,1679m,3944f
242,1681m,4495f
243,1683m,1407f
244,1684m,2332f
245,1685m,1661f
246,1689m,4481f
247,16m,4401f
248,1703m,1381f
249,1704m,1568f
250,1705m,3039f
251,1710m,407f
252,1714m,3521f
253,1715m,754f
254,1718m,816f
255,1723m,4705f
256,1726m,3665f
257,1727m,933f
258,1728m,1886f
259,1729m,3110f
260,1732m,4175f
261,1735m,4171f
262,1736m,282f
263,173m,6927f
264,1747m,7793f
265,1751m,4118f
266,1755m,1830f
267,1758m,3615f
268,175m,1069f
269,1762m,6648f
270,1764m,2477f
271,1770m,284f
272,1771m,2617f
273,1774m,4667f
274,1776m,5571f
275,1777m,190f
276,1786m,3657f
277,1787m,4784f
278,1787m,6444f
279,1794m,6835f
280,1801m,266f
281,1803m,3999f
282,1804m,2953f
283,1806m,1145f
284,1807m,5495f
285,1808m,5331f
286,180m,4496f
287,1810m,1195f
288,1815m,2680f
289,1816m,5339f
290,1817m,7218f
291,181m,4488f
292,1820m,3454f
293,1822m,5286f
294,1827m,2175f
295,1829m,5767f
296,1835m,2879f
297,1836m,475f
298,1837m,1412f
299,1839m,3139f
300,1844m,354f
301,1846m,4803f
302,1855m,5309f
303,185m,2102f
304,1862m,4352f
305,1863m,2125f
306,1866m,4788f
307,1869m,3621f
308,1872m,4492f
309,1875m,429f
310,1875m,4485f
311,1877m,1842f
312,187m,4746f
313,1882m,5285f
314,1885m,1497f
315,1888m,1748f
316,1891m,5316f
317,189m,4937f
318,1902m,2338f
319,1904m,1800f
320,1905m,3831f
321,1907m,918f
322,1911m,3349f
323,1912m,756f
324,1913m,3777f
325,1913m,7406f
326,1919m,913f
327,1920m,4004f
328,1925m,4101f
329,1926m,440f
330,1929m,5328f
331,192m,2321f
332,1932m,2779f
333,1938m,3966f
334,1939m,6315f
335,1942m,1388f
336,1943m,1646f
337,1943m,687f
338,1944m,3500f
339,1953m,2767f
340,1960m,1376f
341,1966m,902f
342,1969m,2109f
343,1971m,4451f
344,1974m,7311f
345,1976m,2444f
346,1978m,3766f
347,197m,556f
348,1982m,40f
349,1985m,4091f
350,1986m,1621f
351,198m,4356f
352,1993m,2286f
353,1995m,3795f
354,199m,3030f
355,2001m,2343f
356,200m,3059f
357,2013m,3099f
358,2013m,4213f
359,2016m,3939f
360,2018m,2880f
361,201m,2381f
362,2021m,202f
363,2022m,2587f
364,2025m,493f
365,2029m,2980f
366,2033m,3964f
367,2037m,4274f
368,2039m,4322f
369,2040m,2399f
370,2041m,3494f
371,2043m,4395f
372,2044m,3789f
373,2049m,14f
374,2053m,4420f
375,2053m,2273f
376,2057m,5375f
377,2059m,2235f
378,2062m,2076f
379,2064m,1793f
380,2066m,2414f
381,2067m,7123f
382,2072m,5321f
383,2073m,4992f
384,2075m,4763f
385,2075m,7597f
386,2081m,4989f
387,2087m,6030f
388,2089m,4635f
389,2091m,3853f
390,2091m,4558f
391,2094m,2683f
392,2098m,4675f
393,2100m,1041f
394,2106m,468f
395,2112m,606f
396,2115m,2080f
397,2117m,1516f
398,2119m,4930f
399,2122m,4560f
400,2123m,4051f
401,2129m,2205f
402,2130m,4969f
403,2134m,1922f
404,2139m,4894f
405,2142m,1566f
406,2145m,4671f
407,2147m,108f
408,2155m,1117f
409,2161m,1597f
410,2169m,4486f
411,216m,4728f
412,2176m,3739f
413,2177m,3424f
414,217m,4761f
415,2182m,873f
416,2185m,1662f
417,2186m,2647f
418,2187m,2756f
419,2188m,1622f
420,2189m,2939f
421,2191m,3149f
422,2196m,1797f
423,2199m,427f
424,2202m,5567f
425,2206m,3639f
426,2209m,2465f
427,2213m,2787f
428,2216m,4723f
429,2216m,3271f
430,2225m,856f
431,2232m,733f
432,2234m,799f
433,2236m,866f
434,2237m,7314f
435,2238m,2928f
436,2241m,783f
437,2242m,3212f
438,2244m,1677f
439,2252m,1052f
440,2253m,3037f
441,2254m,3981f
442,2259m,2837f
443,2261m,3557f
444,2263m,3469f
445,2264m,4128f
446,2266m,1972f
447,2269m,2159f
448,2274m,5294f
449,2275m,2054f
450,227m,6325f
451,2280m,1400f
452,2282m,6446f
453,2283m,504f
454,2288m,3855f
455,2292m,3891f
456,2297m,4947f
457,22m,1249f
458,2302m,5378f
459,2307m,838f
460,2309m,419f
461,2312m,5573f
462,2313m,3652f
463,2316m,379f
464,2317m,1385f
465,2317m,7599f
466,2319m,2692f
467,231m,1017f
468,231m,1725f
469,2320m,5350f
470,2324m,4847f
471,2326m,6029f
472,2327m,4906f
473,2329m,2118f
474,2329m,7906f
475,232m,5575f
476,2330m,4024f
477,2330m,3447f
478,2333m,3542f
479,2336m,4885f
480,2340m,7309f
481,2344m,5577f
482,2346m,296f
483,2349m,5066f
484,2350m,3372f
485,2351m,1020f
486,2353m,1351f
487,2358m,2352f
488,2359m,2872f
489,2363m,1299f
490,2364m,4845f
491,2365m,4875f
492,2368m,5679f
493,236m,1185f
494,2370m,48f
495,2374m,3320f
496,2377m,5341f
497,2378m,1206f
498,2383m,6333f
499,2385m,287f
500,2386m,875f
501,2389m,1964f
502,2394m,5363f
503,2394m,7914f
504,2395m,6550f
505,2397m,698f
506,2398m,6218f
507,239m,877f
508,2402m,722f
509,2404m,7596f
510,2407m,161f
511,2409m,1044f
512,2416m,1073f
513,2418m,238f
514,2420m,4934f
515,2426m,4374f
516,2428m,7024f
517,2431m,4519f
518,2436m,2719f
519,2441m,4558f
520,2442m,6446f
521,2447m,601f
522,2449m,1883f
523,245m,2455f
524,2460m,4632f
525,2462m,3063f
526,246m,3444f
527,246m,7701f
528,2471m,4600f
529,2473m,1878f
530,2474m,4404f
531,2478m,4428f
532,2479m,851f
533,2479m,7503f
534,2481m,4636f
535,2482m,1106f
536,2483m,215f
537,2484m,1849f
538,2489m,500f
539,2490m,3427f
540,2494m,6650f
541,2495m,3953f
542,2497m,4242f
543,2505m,1746f
544,2509m,2335f
545,2512m,1008f
546,2520m,3014f
547,2525m,3295f
548,252m,1688f
549,2530m,3489f
550,2533m,4625f
551,2539m,2745f
552,2542m,3319f
553,2544m,341f
554,2554m,2451f
555,2555m,4191f
556,2559m,7498f
557,2560m,4790f
558,2563m,4888f
559,2565m,87f
560,2567m,1252f
561,2569m,1997f
562,256m,4904f
563,2573m,1821f
564,2576m,4440f
565,2577m,759f
566,2584m,264f
567,2586m,6330f
568,2588m,5313f
569,2588m,1655f
570,2589m,3365f
571,2591m,2903f
572,2594m,4335f
573,2600m,789f
574,2601m,4724f
575,2602m,3610f
576,2604m,2968f
577,2606m,1443f
578,260m,5291f
579,261m,4419f
580,2621m,2717f
581,262m,4125f
582,2633m,4716f
583,2634m,3570f
584,2634m,1547f
585,2636m,1948f
586,2637m,3538f
587,2638m,1569f
588,2645m,4975f
589,2659m,4082f
590,265m,983f
591,2660m,2083f
592,2661m,1731f
593,2662m,5570f
594,2666m,4520f
595,2666m,80f
596,2670m,3818f
597,267m,158f
598,2682m,324f
599,2686m,5292f
600,2687m,1606f
601,2688m,1909f
602,2689m,4323f
603,2689m,7792f
604,2694m,1282f
605,2696m,1492f
606,2696m,3446f
607,2697m,531f
608,2699m,2869f
609,26m,954f
610,2700m,4858f
611,2701m,981f
612,2707m,617f
613,2708m,3091f
614,2710m,1474f
615,2712m,653f
616,2713m,3909f
617,2715m,4160f
618,2723m,520f
619,2723m,4807f
620,2728m,2778f
621,2731m,2960f
622,2733m,3691f
623,2735m,1811f
624,2737m,387f
625,2738m,1655f
626,2743m,2761f
627,2744m,2470f
628,2748m,4893f
629,2750m,337f
630,2751m,3992f
631,2752m,761f
632,2757m,657f
633,2759m,763f
634,2760m,1864f
635,2762m,188f
636,2764m,1781f
637,2766m,3899f
638,2771m,3721f
639,2772m,339f
640,2780m,2506f
641,2781m,4793f
642,2781m,342f
643,2786m,5283f
644,2800m,4376f
645,2802m,5514f
646,2803m,3134f
647,2809m,80f
648,2809m,2195f
649,2810m,3010f
650,2814m,6131f
651,2817m,6f
652,2822m,4168f
653,2823m,3197f
654,2825m,2808f
655,2826m,686f
656,2827m,5359f
657,2831m,1327f
658,2832m,4593f
659,2833m,3673f
660,2834m,7124f
661,2838m,3815f
662,2849m,5337f
663,2854m,2015f
664,285m,4993f
665,2860m,3276f
666,2876m,2110f
667,2877m,2440f
668,2878m,1956f
669,2881m,3050f
670,2889m,1082f
671,288m,652f
672,2900m,1792f
673,2901m,1879f
674,2905m,1144f
675,2908m,2410f
676,2911m,2092f
677,2917m,4399f
678,2929m,700f
679,2930m,1503f
680,2933m,2773f
681,2935m,5346f
682,2940m,6028f
683,2943m,678f
684,2947m,1153f
685,2948m,2575f
686,294m,4891f
687,2951m,3130f
688,2954m,1876f
689,2957m,1414f
690,295m,4974f
691,2964m,3888f
692,2965m,6319f
693,2972m,2986f
694,2973m,1576f
695,2974m,3967f
696,2976m,425f
697,2976m,1527f
698,2981m,2226f
699,2982m,6217f
700,2984m,4232f
701,2988m,5355f
702,2989m,3694f
703,2991m,4538f
704,2992m,867f
705,2994m,525f
706,2996m,3157f
707,2999m,2865f
708,3005m,4534f
709,3007m,204f
710,3013m,1116f
711,3013m,1215f
712,3016m,1565f
713,3019m,4134f
714,3021m,4661f
715,3022m,2541f
716,3023m,1172f
717,3027m,5281f
718,3032m,3015f
719,3033m,4157f
720,3035m,1423f
721,3036m,150f
722,303m,61f
723,3043m,3895f
724,3046m,2721f
725,3048m,1241f
726,3049m,2294f
727,3052m,3552f
728,3054m,5387f
729,3055m,1805f
730,3056m,1853f
731,306m,4924f
732,3070m,2819f
733,3072m,4591f
734,3073m,1055f
735,3076m,7497f
736,3078m,5322f
737,307m,4038f
738,3080m,4923f
739,3081m,954f
740,3083m,4753f
741,3084m,6329f
742,3086m,4676f
743,3092m,4889f
744,3095m,6026f
745,3096m,5574f
746,3098m,1061f
747,309m,5603f
748,30m,2657f
749,3100m,3305f
750,3102m,2011f
751,3105m,646f
752,3107m,3878f
753,3115m,3896f
754,3116m,2863f
755,3117m,3415f
756,3118m,1514f
757,311m,2914f
758,3122m,1556f
759,3125m,336f
760,3127m,4483f
761,3128m,15f
762,3129m,5289f
763,3131m,1442f
764,3135m,1003f
765,313m,1930f
766,313m,5797f
767,3140m,4092f
768,3141m,7414f
769,3142m,5287f
770,3146m,4546f
771,3154m,3181f
772,3155m,423f
773,3156m,3860f
774,3158m,5315f
775,315m,6129f
776,3160m,3501f
777,3162m,1283f
778,3168m,2355f
779,3170m,2496f
780,3171m,486f
781,3172m,4536f
782,3173m,243f
783,3175m,2910f
784,3185m,2873f
785,3185m,4945f
786,3187m,2672f
787,3187m,7404f
788,3188m,3163f
789,3199m,2709f
790,31m,5583f
791,3204m,2852f
792,3210m,6026f
793,3211m,4458f
794,3214m,4585f
795,3216m,1840f
796,3216m,3850f
797,321m,2740f
798,3224m,5295f
799,3225m,1446f
800,3226m,172f
801,3229m,3922f
802,3231m,1515f
803,3235m,360f
804,323m,1284f
805,3240m,5279f
806,3241m,4957f
807,3241m,5616f
808,3255m,2753f
809,325m,4146f
810,3261m,2058f
811,3266m,4369f
812,326m,3057f
813,326m,2046f
814,3270m,3613f
815,3274m,2955f
816,3274m,4784f
817,3278m,1824f
818,3280m,7590f
819,3281m,4690f
820,3281m,3099f
821,3282m,81f
822,3283m,1356f
823,3287m,2160f
824,3292m,2874f
825,3298m,1664f
826,3298m,1387f
827,3299m,3912f
828,3299m,7801f
829,329m,3719f
830,3301m,1445f
831,3302m,1021f
832,3306m,3536f
833,3306m,2952f
834,3309m,1881f
835,330m,3317f
836,3313m,2608f
837,3316m,3931f
838,3316m,3217f
839,331m,2285f
840,3321m,4161f
841,3324m,2799f
842,3326m,3749f
843,3327m,4325f
844,3328m,4900f
845,3328m,4023f
846,3329m,3774f
847,332m,1321f
848,3333m,1409f
849,3334m,2419f
850,3338m,65f
851,3339m,4833f
852,3341m,4622f
853,3347m,944f
854,3348m,3802f
855,334m,4559f
856,3355m,3011f
857,3357m,2725f
858,3358m,4931f
859,3359m,1289f
860,335m,621f
861,3368m,2691f
862,3370m,6323f
863,3375m,1496f
864,3377m,4345f
865,3379m,2975f
866,3387m,830f
867,338m,1763f
868,338m,6331f
869,3392m,4490f
870,3393m,2782f
871,3396m,4934f
872,3397m,3457f
873,33m,4895f
874,3400m,2729f
875,3402m,3607f
876,3408m,7308f
877,3413m,5020f
878,3418m,235f
879,3429m,3460f
880,3431m,2795f
881,343m,1415f
882,3440m,5569f
883,3448m,4432f
884,3451m,585f
885,3452m,4130f
886,3453m,6127f
887,3455m,561f
888,3459m,533f
889,3466m,872f
890,3468m,3980f
891,3470m,3616f
892,3471m,85f
893,3473m,5306f
894,3474m,1543f
895,3475m,4075f
896,3477m,4243f
897,3478m,2557f
898,347m,2775f
899,3486m,340f
900,3492m,62f
901,3493m,5297f
902,3498m,115f
903,34m,4039f
904,3504m,4584f
905,3506m,1301f
906,3507m,736f
907,3511m,4278f
908,3515m,1320f
909,3518m,604f
910,3520m,5344f
911,3523m,1468f
912,3529m,1691f
913,3530m,3180f
914,3532m,708f
915,3537m,2590f
916,353m,1711f
917,3545m,5308f
918,3547m,848f
919,3551m,3990f
920,3553m,293f
921,355m,3416f
922,3560m,2290f
923,3568m,4920f
924,356m,3993f
925,3571m,956f
926,3573m,1632f
927,3574m,4306f
928,3576m,4464f
929,3576m,5352f
930,357m,6738f
931,3581m,4152f
932,3584m,7220f
933,3586m,424f
934,3587m,2466f
935,3589m,4279f
936,3593m,230f
937,3594m,632f
938,3595m,3176f
939,3600m,4950f
940,3604m,2143f
941,3609m,1100f
942,3614m,2649f
943,3614m,7306f
944,3617m,4944f
945,3622m,5304f
946,3623m,1850f
947,3625m,1848f
948,3626m,1040f
949,3627m,4647f
950,3628m,4149f
951,3631m,3205f
952,3636m,3391f
953,3638m,1286f
954,3640m,2690f
955,3642m,2090f
956,3646m,637f
957,3647m,3561f
958,3654m,2528f
959,3658m,6320f
960,365m,4762f
961,3660m,4225f
962,3662m,3435f
963,3667m,4421f
964,3669m,1269f
965,366m,2131f
966,3674m,3318f
967,3677m,3572f
968,3678m,5336f
969,3682m,1708f
970,3684m,4608f
971,3685m,3405f
972,3686m,5288f
973,3687m,3031f
974,3690m,2388f
975,3697m,677f
976,3700m,1865f
977,3702m,3209f
978,3703m,3275f
979,3705m,1046f
980,3711m,3632f
981,3712m,4717f
982,3713m,5326f
983,3713m,1072f
984,3714m,4219f
985,3716m,4007f
986,3718m,1534f
987,3722m,6328f
988,3723m,4825f
989,3727m,978f
990,3728m,614f
991,3730m,60f
992,3731m,1992f
993,3732m,1657f
994,3734m,5389f
995,3735m,2310f
996,3741m,564f
997,3742m,2884f
998,3746m,6027f
999,374m,2217f
1000,3756m,1754f
1001,3760m,852f
1002,3762m,3217f
1003,3762m,3846f
1004,3768m,3179f
1005,3769m,4704f
1006,3770m,541f
1007,3770m,2318f
1008,3773m,438f
1009,3773m,32f
1010,3775m,4813f
1011,3776m,1998f
1012,3781m,4668f
1013,3782m,3344f
1014,3783m,241f
1015,3785m,3206f
1016,3788m,383f
1017,3788m,1304f
1018,3798m,5347f
1019,3799m,4699f
1020,37m,5338f
1021,3800m,2095f
1022,380m,2635f
1023,3811m,964f
1024,3813m,578f
1025,3814m,1694f
1026,3819m,1037f
1027,3824m,1362f
1028,3825m,4828f
1029,3830m,3238f
1030,3835m,4307f
1031,3840m,3672f
1032,3841m,1131f
1033,3844m,3821f
1034,3848m,3826f
1035,3854m,862f
1036,3857m,3389f
1037,3858m,2517f
1038,3863m,5280f
1039,3864m,1914f
1040,3867m,2656f
1041,3868m,4194f
1042,3869m,1618f
1043,3870m,463f
1044,3870m,4615f
1045,3873m,2763f
1046,3877m,5325f
1047,3879m,4183f
1048,3880m,955f
1049,3886m,807f
1050,3889m,2669f
1051,3889m,7700f
1052,3890m,2652f
1053,3893m,5334f
1054,3897m,1789f
1055,389m,892f
1056,3900m,3150f
1057,3903m,5319f
1058,3907m,6031f
1059,390m,3845f
1060,3914m,644f
1061,3916m,1517f
1062,3919m,3851f
1063,391m,117f
1064,3924m,5636f
1065,3926m,3827f
1066,3927m,6032f
1067,3929m,4679f
1068,3930m,2042f
1069,3933m,1277f
1070,3935m,847f
1071,3938m,3683f
1072,3945m,3883f
1073,3945m,3831f
1074,3948m,1413f
1075,3949m,4061f
1076,394m,2987f
1077,3955m,512f
1078,3959m,580f
1079,3961m,2806f
1080,3962m,4284f
1081,3963m,178f
1082,396m,3738f
1083,3970m,3968f
1084,3977m,2720f
1085,3978m,908f
1086,3985m,362f
1087,3986m,5036f
1088,3989m,4780f
1089,3995m,4574f
1090,3995m,6554f
1091,39m,4474f
1092,3m,4339f
1093,4000m,2457f
1094,4000m,1634f
1095,4001m,7405f
1096,4005m,1109f
1097,4005m,849f
1098,4006m,2616f
1099,4008m,5329f
1100,400m,3509f
1101,4010m,1716f
1102,4014m,5327f
1103,4019m,4858f
1104,4020m,5565f
1105,4025m,2315f
1106,4027m,4945f
1107,4027m,1109f
1108,4029m,4150f
1109,4030m,3846f
1110,4031m,3351f
1111,4032m,1832f
1112,4035m,3438f
1113,4036m,3499f
1114,4041m,5296f
1115,4043m,4405f
1116,4049m,798f
1117,4053m,1687f
1118,4057m,5564f
1119,405m,4926f
1120,4060m,3124f
1121,4063m,213f
1122,4065m,895f
1123,4066m,4198f
1124,4071m,7313f
1125,4077m,2020f
1126,4078m,5052f
1127,4085m,3161f
1128,4098m,3668f
1129,4099m,2706f
1130,409m,4918f
1131,4100m,2508f
1132,4103m,3534f
1133,4104m,4599f
1134,4105m,613f
1135,4106m,1895f
1136,4111m,2138f
1137,4112m,1954f
1138,4117m,350f
1139,4117m,7795f
1140,411m,4222f
1141,4120m,3710f
1142,4121m,4076f
1143,412m,3259f
1144,4135m,2585f
1145,4136m,4703f
1146,4138m,4391f
1147,413m,1233f
1148,4140m,7125f
1149,4144m,28f
1150,4145m,4701f
1151,414m,5766f
1152,4153m,6322f
1153,4159m,4870f
1154,4163m,597f
1155,4164m,772f
1156,4167m,3757f
1157,416m,47f
1158,4170m,566f
1159,4177m,1931f
1160,4178m,607f
1161,4182m,4923f
1162,4185m,988f
1163,4186m,1395f
1164,4187m,2157f
1165,4188m,2855f
1166,418m,952f
1167,4192m,77f
1168,4193m,3246f
1169,4197m,2352f
1170,4199m,1987f
1171,41m,622f
1172,4200m,4954f
1173,4201m,3044f
1174,4207m,4577f
1175,4209m,57f
1176,4212m,4181f
1177,4217m,4563f
1178,4218m,2667f
1179,4227m,1370f
1180,4231m,6647f
1181,4234m,2897f
1182,4237m,1236f
1183,4241m,2218f
1184,4251m,1999f
1185,4252m,4139f
1186,4255m,4741f
1187,4266m,3950f
1188,4268m,4812f
1189,4280m,3852f
1190,4283m,3559f
1191,4285m,191f
1192,4289m,402f
1193,428m,2046f
1194,4296m,107f
1195,4300m,819f
1196,4301m,4863f
1197,4302m,97f
1198,4305m,3404f
1199,4308m,693f
1200,4316m,144f
1201,4318m,5307f
1202,4319m,909f
1203,4320m,2503f
1204,4321m,655f
1205,4327m,4299f
1206,4329m,549f
1207,4330m,2789f
1208,4331m,157f
1209,4332m,3876f
1210,4332m,4481f
1211,4334m,3420f
1212,4336m,4083f
1213,4338m,4683f
1214,4340m,1934f
1215,4348m,3040f
1216,4349m,3230f
1217,434m,6837f
1218,434m,2305f
1219,4351m,4415f
1220,4355m,3165f
1221,4361m,1441f
1222,4362m,3374f
1223,4363m,5324f
1224,4364m,1304f
1225,4366m,1874f
1226,4367m,114f
1227,4370m,3915f
1228,4371m,4502f
1229,4373m,2063f
1230,4375m,4853f
1231,4377m,439f
1232,437m,3353f
1233,4383m,5728f
1234,4385m,2783f
1235,4387m,491f
1236,4387m,2270f
1237,4389m,1528f
1238,4397m,136f
1239,43m,3544f
1240,4400m,3583f
1241,4402m,2437f
1242,4406m,3943f
1243,4408m,1647f
1244,4411m,3973f
1245,4413m,5300f
1246,4417m,2619f
1247,4418m,2055f
1248,4424m,482f
1249,4425m,4796f
1250,4427m,3169f
1251,4434m,131f
1252,4436m,2415f
1253,443m,1198f
1254,4441m,3725f
1255,4442m,4016f
1256,4443m,46f
1257,4445m,29f
1258,4449m,692f
1259,4457m,2952f
1260,4459m,5352f
1261,445m,521f
1262,4460m,1542f
1263,4461m,1936f
1264,4463m,375f
1265,4463m,4423f
1266,4465m,4882f
1267,4467m,1701f
1268,4468m,3923f
1269,4469m,751f
1270,4476m,771f
1271,4477m,4158f
1272,4479m,2924f
1273,4484m,1377f
1274,4487m,2598f
1275,4493m,3284f
1276,4497m,3823f
1277,4498m,1785f
1278,4499m,3832f
1279,4500m,2537f
1280,4506m,4590f
1281,4507m,2450f
1282,4508m,2932f
1283,4509m,169f
1284,4511m,3136f
1285,4512m,4165f
1286,4516m,3112f
1287,4522m,2605f
1288,4523m,4196f
1289,4524m,1335f
1290,4529m,2844f
1291,4529m,3906f
1292,4530m,4382f
1293,4531m,5853f
1294,4533m,171f
1295,4535m,780f
1296,453m,4238f
1297,4541m,4287f
1298,4549m,1287f
1299,4552m,4446f
1300,4553m,4354f
1301,4555m,2730f
1302,4557m,3787f
1303,4567m,5367f
1304,4568m,3384f
1305,456m,4226f
1306,4572m,1454f
1307,4576m,2714f
1308,4579m,1459f
1309,4579m,1026f
1310,457m,4760f
1311,4581m,5027f
1312,4583m,1847f
1313,4589m,2516f
1314,4589m,564f
1315,4594m,4079f
1316,45m,7407f
1317,4602m,3527f
1318,4603m,3861f
1319,4604m,3744f
1320,4605m,6130f
1321,460m,3991f
1322,4610m,1784f
1323,4611m,352f
1324,4613m,392f
1325,461m,1613f
1326,4628m,1140f
1327,4633m,4749f
1328,4634m,322f
1329,4638m,2784f
1330,4640m,5276f
1331,4642m,5345f
1332,4643m,4656f
1333,4646m,5291f
1334,4650m,937f
1335,4651m,3666f
1336,4653m,3487f
1337,4658m,316f
1338,4659m,224f
1339,465m,3497f
1340,4660m,1417f
1341,4665m,5566f
1342,4665m,7915f
1343,466m,1350f
1344,4674m,1029f
1345,467m,4359f
1346,4681m,4777f
1347,4684m,1208f
1348,4687m,195f
1349,4688m,3191f
1350,4691m,3579f
1351,4695m,1030f
1352,4695m,2239f
1353,4700m,2070f
1354,4709m,4537f
1355,4710m,489f
1356,4711m,4073f
1357,4713m,2595f
1358,4718m,6832f
1359,4719m,3706f
1360,4721m,5349f
1361,4725m,1230f
1362,4727m,3111f
1363,472m,4764f
1364,4730m,1599f
1365,4732m,2570f
1366,4733m,1952f
1367,4739m,4550f
1368,4740m,3479f
1369,4742m,3696f
1370,4745m,2454f
1371,4747m,1611f
1372,4754m,2550f
1373,4755m,3751f
1374,4756m,397f
1375,4758m,4123f
1376,4765m,5977f
1377,4767m,3701f
1378,4769m,2231f
1379,4771m,528f
1380,4774m,4380f
1381,4779m,4554f
1382,4781m,507f
1383,4783m,410f
1384,4786m,3582f
1385,4789m,752f
1386,4794m,3972f
1387,4797m,3792f
1388,479m,12f
1389,4802m,976f
1390,4805m,1739f
1391,4806m,3872f
1392,4814m,5379f
1393,4815m,4235f
1394,4816m,3987f
1395,4817m,4996f
1396,4819m,898f
1397,4819m,3462f
1398,481m,462f
1399,481m,5507f
1400,4820m,218f
1401,4821m,4310f
1402,4824m,4693f
1403,4826m,4830f
1404,4832m,2578f
1405,4836m,4571f
1406,4840m,4547f
1407,4844m,469f
1408,4850m,4214f
1409,4852m,3531f
1410,4855m,1050f
1411,4857m,5358f
1412,4859m,6332f
1413,4860m,2609f
1414,4862m,4175f
1415,4864m,3443f
1416,4867m,1768f
1417,4868m,934f
1418,4871m,1384f
1419,4873m,5335f
1420,4874m,2769f
1421,4879m,4040f
1422,4880m,696f
1423,4896m,4272f
1424,4897m,4639f
1425,4902m,452f
1426,4903m,1110f
1427,4905m,3937f
1428,4908m,4270f
1429,490m,3038f
1430,4911m,1247f
1431,4915m,1135f
1432,4916m,3747f
1433,4919m,4119f
1434,4922m,5310f
1435,4929m,3954f
1436,4929m,1586f
1437,4935m,2925f
1438,4938m,3503f
1439,4941m,4028f
1440,494m,2741f
1441,4951m,4093f
1442,4955m,6553f
1443,4959m,558f
1444,495m,4293f
1445,4960m,1434f
1446,4964m,4089f
1447,4966m,4597f
1448,4967m,1465f
1449,4968m,3808f
1450,496m,687f
1451,496m,4793f
1452,4977m,2765f
1453,4978m,3380f
1454,497m,2121f
1455,4984m,1462f
1456,4986m,2299f
1457,498m,94f
1458,4991m,4131f
1459,4998m,1176f
1460,499m,730f
1461,49m,5943f
1462,5022m,2406f
1463,5023m,5748f
1464,5024m,1161f
1465,5029m,4778f
1466,502m,3272f
1467,5032m,5487f
1468,5033m,3267f
1469,5034m,5042f
1470,5035m,7121f
1471,5037m,2198f
1472,5037m,1651f
1473,5040m,5493f
1474,5043m,4822f
1475,5046m,5505f
1476,5049m,4782f
1477,5054m,5048f
1478,5060m,7500f
1479,5064m,5475f
1480,5069m,7401f
1481,5073m,5503f
1482,5076m,5502f
1483,5077m,7307f
1484,5078m,1510f
1485,5079m,1480f
1486,5080m,3456f
1487,5081m,1633f
1488,5082m,5647f
1489,5083m,1165f
1490,5084m,6318f
1491,5085m,3820f
1492,5086m,7403f
1493,5087m,7310f
1494,5088m,1843f
1495,5089m,3220f
1496,508m,815f
1497,5090m,1783f
1498,5091m,4273f
1499,5092m,5274f
1500,5093m,3806f
1501,5094m,205f
1502,5095m,707f
1503,5096m,6324f
1504,5097m,2592f
1505,5098m,2341f
1506,5099m,2413f
1507,509m,2949f
1508,50m,3653f
1509,5100m,3717f
1510,5101m,3620f
1511,5102m,5278f
1512,5103m,3974f
1513,5104m,4412f
1514,5105m,3311f
1515,5106m,4286f
1516,5107m,4899f
1517,5108m,3917f
1518,5109m,4335f
1519,5110m,3928f
1520,5111m,6128f
1521,5112m,146f
1522,5113m,4122f
1523,5114m,2438f
1524,5115m,2137f
1525,5116m,3591f
1526,5117m,3850f
1527,5118m,684f
1528,5119m,312f
1529,511m,1080f
1530,5120m,5302f
1531,5121m,4384f
1532,5122m,4034f
1533,5123m,320f
1534,5124m,3635f
1535,5125m,2498f
1536,5126m,6445f
1537,5127m,773f
1538,5128m,2558f
1539,5129m,2527f
1540,5130m,2476f
1541,5131m,4627f
1542,5132m,4798f
1543,5134m,4398f
1544,5135m,3285f
1545,5136m,2794f
1546,5137m,1219f
1547,5138m,5314f
1548,5139m,2103f
1549,513m,676f
1550,5140m,4189f
1551,5141m,3695f
1552,5141m,6334f
1553,5142m,4291f
1554,5143m,4540f
1555,5144m,32f
1556,5144m,2304f
1557,5145m,781f
1558,5146m,3774f
1559,5147m,1173f
1560,5148m,5332f
1561,5149m,2564f
1562,514m,6133f
1563,5150m,3030f
1564,5151m,440f
1565,5152m,650f
1566,5153m,560f
1567,5153m,1576f
1568,5154m,3065f
1569,5155m,5360f
1570,5155m,3077f
1571,5156m,833f
1572,5157m,4669f
1573,5158m,5942f
1574,5159m,182f
1575,5160m,170f
1576,5162m,777f
1577,5163m,3253f
1578,5164m,3495f
1579,5165m,3362f
1580,5166m,3525f
1581,5167m,207f
1582,5168m,4837f
1583,516m,4939f
1584,5170m,1134f
1585,5171m,670f
1586,5173m,2847f
1587,5174m,113f
1588,5175m,2864f
1589,5176m,5351f
1590,5178m,3784f
1591,5179m,938f
1592,517m,5320f
1593,5180m,1112f
1594,5181m,882f
1595,5182m,1951f
1596,5183m,1538f
1597,5184m,6741f
1598,5184m,5312f
1599,5185m,5312f
1600,5185m,2427f
1601,5188m,4791f
1602,5189m,5361f
1603,5190m,1281f
1604,5191m,4472f
1605,5192m,134f
1606,5194m,3082f
1607,5195m,5407f
1608,5195m,4474f
1609,5196m,4518f
1610,5197m,2791f
1611,5199m,2230f
1612,5200m,433f
1613,5201m,3709f
1614,5202m,6035f
1615,5203m,1772f
1616,5204m,4564f
1617,5204m,4593f
1618,5206m,2894f
1619,5207m,4220f
1620,5208m,3522f
1621,5211m,2502f
1622,5213m,946f
1623,5217m,4673f
1624,5219m,2926f
1625,5220m,2574f
1626,5221m,1274f
1627,5224m,4333f
1628,5228m,1f
1629,522m,3513f
1630,5230m,83f
1631,5234m,1478f
1632,5235m,1740f
1633,5238m,376f
1634,523m,4795f
1635,530m,5045f
1636,534m,4224f
1637,535m,2012f
1638,538m,2651f
1639,53m,345f
1640,545m,4372f
1641,5476m,5534f
1642,5478m,283f
1643,5481m,5070f
1644,5488m,5704f
1645,5489m,5744f
1646,5490m,7909f
1647,5491m,5072f
1648,5492m,3630f
1649,5494m,5675f
1650,5497m,5525f
1651,5498m,5734f
1652,54m,3936f
1653,5501m,5041f
1654,5504m,5477f
1655,5504m,5678f
1656,5506m,7589f
1657,5508m,7697f
1658,5509m,5526f
1659,5517m,1051f
1660,5519m,5941f
1661,551m,2367f
1662,5520m,7501f
1663,5522m,5750f
1664,5524m,4770f
1665,5527m,5482f
1666,5529m,5532f
1667,552m,4253f
1668,5530m,5013f
1669,5531m,5612f
1670,5536m,5720f
1671,5537m,5754f
1672,5539m,2620f
1673,5541m,5515f
1674,5542m,5486f
1675,5543m,484f
1676,5544m,775f
1677,5544m,6833f
1678,5545m,4080f
1679,5546m,3942f
1680,5547m,1079f
1681,5548m,5380f
1682,5548m,4906f
1683,5549m,965f
1684,554m,592f
1685,5550m,2156f
1686,5554m,728f
1687,555m,291f
1688,5599m,4142f
1689,5600m,5794f
1690,5602m,5031f
1691,5604m,5630f
1692,5608m,7696f
1693,5609m,5827f
1694,5610m,7788f
1695,5613m,5654f
1696,5614m,5723f
1697,5615m,5810f
1698,5619m,5696f
1699,5623m,5661f
1700,5624m,6057f
1701,5625m,5484f
1702,5626m,7594f
1703,5628m,5510f
1704,5629m,7499f
1705,5634m,5607f
1706,5637m,5725f
1707,5639m,7592f
1708,5641m,4616f
1709,5642m,5738f
1710,5643m,5925f
1711,5649m,5513f
1712,5652m,5500f
1713,5653m,5646f
1714,5655m,5746f
1715,5657m,5713f
1716,5657m,5808f
1717,5658m,5706f
1718,5659m,7591f
1719,5660m,5709f
1720,5662m,5299f
1721,5663m,785f
1722,5664m,4271f
1723,5665m,1139f
1724,5665m,1386f
1725,5666m,5681f
1726,5695m,5640f
1727,5697m,5735f
1728,5698m,6065f
1729,56m,3106f
1730,5705m,6549f
1731,5707m,5062f
1732,5711m,5635f
1733,5712m,5818f
1734,5715m,1946f
1735,5719m,5886f
1736,571m,2491f
1737,5721m,211f
1738,5722m,7789f
1739,5726m,5644f
1740,5727m,5918f
1741,5729m,5485f
1742,5731m,5632f
1743,5732m,5620f
1744,5733m,5797f
1745,5736m,5718f
1746,573m,1540f
1747,5740m,5480f
1748,5741m,5631f
1749,5742m,5968f
1750,5743m,5074f
1751,5749m,5755f
1752,5751m,5611f
1753,5752m,7794f
1754,5758m,5959f
1755,5759m,55f
1756,575m,2152f
1757,5760m,4037f
1758,5761m,2531f
1759,576m,6551f
1760,5779m,5747f
1761,5780m,5975f
1762,5781m,5878f
1763,5782m,5521f
1764,5785m,6025f
1765,5788m,5706f
1766,5789m,5814f
1767,5790m,5816f
1768,5793m,5710f
1769,5795m,5889f
1770,5796m,5617f
1771,5798m,6216f
1772,5800m,2796f
1773,5801m,5606f
1774,5805m,5535f
1775,5806m,5792f
1776,5813m,5809f
1777,5815m,5885f
1778,5817m,5656f
1779,5819m,5538f
1780,5820m,5958f
1781,5824m,5638f
1782,5828m,5516f
1783,5830m,5894f
1784,5831m,7790f
1785,5832m,5622f
1786,5834m,5812f
1787,5835m,5483f
1788,5837m,5993f
1789,5839m,5787f
1790,583m,7025f
1791,5843m,1990f
1792,5844m,2747f
1793,5845m,3047f
1794,5863m,5702f
1795,5864m,6195f
1796,5865m,5908f
1797,5867m,7908f
1798,5868m,5822f
1799,586m,5051f
1800,5873m,5896f
1801,5875m,6168f
1802,5877m,5804f
1803,5879m,5645f
1804,587m,4248f
1805,5880m,5621f
1806,5880m,6158f
1807,5890m,6014f
1808,5895m,5940f
1809,5897m,5939f
1810,58m,2061f
1811,5901m,6109f
1812,5903m,6067f
1813,5904m,3895f
1814,5906m,5905f
1815,5912m,6289f
1816,5913m,5876f
1817,5914m,6312f
1818,5916m,5866f
1819,5917m,5838f
1820,5920m,5871f
1821,5922m,6084f
1822,5927m,6190f
1823,5928m,3566f
1824,5929m,2938f
1825,5962m,5956f
1826,5963m,6309f
1827,5966m,5882f
1828,5969m,6049f
1829,596m,302f
1830,5970m,5841f
1831,5973m,6089f
1832,5976m,5954f
1833,5979m,5756f
1834,5990m,6175f
1835,5997m,6104f
1836,59m,4360f
1837,5m,3464f
1838,5m,257f
1839,6006m,6311f
1840,600m,3952f
1841,6011m,5989f
1842,6015m,5998f
1843,6016m,6101f
1844,6017m,6002f
1845,603m,510f
1846,6050m,6076f
1847,6058m,5978f
1848,6059m,6080f
1849,605m,3904f
1850,6062m,5911f
1851,6063m,6189f
1852,6074m,5981f
1853,6075m,6056f
1854,6082m,6179f
1855,6083m,5737f
1856,6085m,5872f
1857,6087m,6177f
1858,608m,4680f
1859,6090m,5833f
1860,6092m,5699f
1861,6094m,6086f
1862,6098m,5821f
1863,609m,4229f
1864,6103m,6233f
1865,6106m,6440f
1866,6107m,5778f
1867,610m,5318f
1868,6111m,5957f
1869,6113m,5964f
1870,6115m,5938f
1871,6118m,5892f
1872,6120m,5676f
1873,6121m,44f
1874,6139m,6172f
1875,6144m,6180f
1876,6147m,6077f
1877,6148m,6163f
1878,6149m,6066f
1879,6151m,6184f
1880,6156m,7691f
1881,615m,1707f
1882,6162m,6284f
1883,6164m,6256f
1884,616m,4526f
1885,6173m,6114f
1886,6176m,5907f
1887,6178m,6362f
1888,6187m,6150f
1889,6192m,6152f
1890,6194m,5840f
1891,6206m,649f
1892,6206m,3913f
1893,6207m,2663f
1894,6208m,717f
1895,620m,1330f
1896,6210m,762f
1897,6211m,2678f
1898,6237m,6183f
1899,6241m,6254f
1900,6261m,5960f
1901,6265m,6112f
1902,6267m,6688f
1903,6268m,6441f
1904,6274m,6286f
1905,6283m,6161f
1906,628m,2501f
1907,6291m,5881f
1908,6293m,5802f
1909,6294m,7910f
1910,6295m,6316f
1911,6296m,3264f
1912,6297m,1696f
1913,6298m,5282f
1914,6299m,1192f
1915,629m,2755f
1916,6300m,6331f
1917,6301m,4210f
1918,6303m,3541f
1919,6304m,2459f
1920,630m,4054f
1921,631m,5298f
1922,633m,3956f
1923,6356m,6373f
1924,636m,3315f
1925,6408m,6243f
1926,6411m,6053f
1927,6418m,745f
1928,6419m,1107f
1929,6420m,274f
1930,6421m,1223f
1931,6422m,4582f
1932,6422m,3186f
1933,6423m,3245f
1934,6424m,5370f
1935,6425m,1940f
1936,6427m,6833f
1937,643m,2467f
1938,645m,4623f
1939,64m,4982f
1940,651m,2785f
1941,6531m,2913f
1942,6532m,3596f
1943,6533m,1307f
1944,6534m,6552f
1945,6535m,3386f
1946,6536m,1290f
1947,6537m,1491f
1948,6538m,5382f
1949,6541m,1614f
1950,654m,5576f
1951,656m,2221f
1952,662m,3957f
1953,6636m,6317f
1954,6637m,3164f
1955,6638m,5578f
1956,663m,2927f
1957,664m,1545f
1958,665m,2422f
1959,667m,86f
1960,669m,4137f
1961,669m,5581f
1962,6726m,3425f
1963,6727m,792f
1964,6728m,4692f
1965,6729m,6834f
1966,673m,3947f
1967,679m,5303f
1968,680m,2276f
1969,681m,3215f
1970,6823m,5275f
1971,6827m,5425f
1972,682m,1733f
1973,689m,255f
1974,6911m,2615f
1975,6912m,1486f
1976,6918m,1750f
1977,691m,7402f
1978,697m,2154f
1979,69m,3681f
1980,7011m,3356f
1981,7012m,3111f
1982,7014m,1246f
1983,7016m,4586f
1984,7017m,1759f
1985,701m,432f
1986,702m,3805f
1987,705m,6321f
1988,7112m,5995f
1989,7113m,568f
1990,7113m,4599f
1991,7114m,1983f
1992,7115m,4573f
1993,711m,206f
1994,713m,3807f
1995,715m,183f
1996,720m,1937f
1997,7211m,7694f
1998,7212m,1166f
1999,724m,4792f
2000,726m,2644f
2001,7298m,5921f
2002,7299m,2839f
2003,7300m,351f
2004,7303m,1899f
2005,731m,176f
2006,732m,3051f
2007,734m,4407f
2008,737m,2896f
2009,7382m,2074f
2010,7383m,5677f
2011,7384m,3984f
2012,7385m,4430f
2013,7386m,7408f
2014,7387m,36f
2015,7389m,5386f
2016,738m,3372f
2017,738m,1530f
2018,739m,1374f
2019,73m,1903f
2020,740m,4776f
2021,744m,5373f
2022,7485m,4612f
2023,7486m,7399f
2024,7487m,7400f
2025,7488m,6555f
2026,7490m,3496f
2027,7491m,4395f
2028,749m,2146f
2029,750m,3461f
2030,7576m,7695f
2031,7577m,3251f
2032,7578m,7595f
2033,7579m,5650f
2034,7580m,857f
2035,7582m,4652f
2036,75m,911f
2037,7679m,6071f
2038,767m,4838f
2039,7680m,5714f
2040,7681m,2844f
2041,7682m,2215f
2042,7683m,7698f
2043,770m,3434f
2044,776m,3729f
2045,7771m,6282f
2046,7772m,2529f
2047,7773m,5836f
2048,7774m,5829f
2049,7775m,5803f
2050,7776m,7796f
2051,7777m,5791f
2052,7778m,4451f
2053,7779m,644f
2054,7780m,1865f
2055,7781m,4232f
2056,778m,647f
2057,784m,3901f
2058,786m,2325f
2059,787m,1617f
2060,7885m,7903f
2061,788m,3257f
2062,790m,4312f
2063,793m,2548f
2064,796m,2296f
2065,800m,268f
2066,801m,2485f
2067,814m,1094f
2068,820m,3069f
2069,822m,1799f
2070,823m,3794f
2071,824m,2113f
2072,826m,743f
2073,829m,1959f
2074,82m,1031f
2075,831m,2853f
2076,837m,2380f
2077,841m,2566f
2078,842m,2007f
2079,844m,3430f
2080,84m,1915f
2081,855m,4247f
2082,859m,3190f
2083,863m,2818f
2084,864m,3881f
2085,871m,3447f
2086,871m,7502f
2087,874m,2946f
2088,876m,7122f
2089,880m,832f
2090,881m,5568f
2091,885m,1573f
2092,888m,2371f
2093,890m,304f
2094,891m,810f
2095,893m,3634f
2096,899m,4342f
2097,901m,3754f
2098,903m,1328f
2099,906m,4426f
2100,907m,718f
2101,916m,2248f
2102,917m,3496f
2103,917m,462f
2104,919m,1267f
2105,921m,4810f
2106,924m,2071f
2107,927m,3558f
2108,929m,2026f
2109,932m,3488f
2110,939m,1609f
2111,93m,1889f
2112,941m,247f
2113,942m,4570f
2114,945m,6327f
2115,947m,2840f
2116,948m,672f
2117,950m,1760f
2118,957m,1251f
2119,960m,4936f
2120,963m,3045f
2121,966m,3612f
2122,968m,1340f
2123,971m,3058f
2124,973m,1403f
2125,979m,1387f
2126,985m,4962f
2127,990m,5511f
2128,991m,5293f
2129,993m,110f
2130,995m,1065f
2131,998m,1749f
2132,9m,594f
,source,target
0,0m,4339f
1,1005m,3875f
2,1007m,3679f
3,1008m,964f
4,100m,2790f
5,1013m,2992f
6,1014m,3503f
7,1018m,1582f
8,1027m,3131f
9,1030m,2257f
10,1032m,1686f
11,1037m,1714f
12,103m,2324f
13,1040m,1025f
14,1041m,3502f
15,1061m,5211f
16,1064m,5321f
17,1065m,2696f
18,1066m,3865f
19,106m,374f
20,1082m,2177f
21,1085m,2548f
22,1087m,3965f
23,1088m,2013f
24,1093m,2476f
25,1094m,938f
26,1096m,3203f
27,1096m,393f
28,1103m,2336f
29,1107m,265f
30,1114m,1332f
31,1117m,2433f
32,111m,1578f
33,1126m,1320f
34,1132m,3818f
35,1137m,859f
36,1146m,1917f
37,1158m,3604f
38,1161m,3133f
39,1167m,1147f
40,1170m,4872f
41,1171m,2920f
42,1172m,4678f
43,1180m,3570f
44,1182m,4155f
45,1183m,5281f
46,1187m,4814f
47,1199m,1873f
48,1199m,3549f
49,1199m,5341f
50,1200m,945f
51,1203m,2328f
52,1213m,4333f
53,1214m,5235f
54,1216m,4545f
55,1220m,4595f
56,1221m,769f
57,1222m,579f
58,1224m,2669f
59,1228m,5219f
60,1230m,3856f
61,1234m,3442f
62,1241m,1684f
63,1242m,5271f
64,1246m,1141f
65,1248m,5658f
66,124m,3352f
67,1250m,2477f
68,1252m,3375f
69,1256m,4502f
70,1257m,1975f
71,1264m,2576f
72,1268m,3639f
73,126m,5300f
74,1270m,179f
75,1272m,2709f
76,1273m,3236f
77,1278m,4711f
78,1281m,473f
79,1284m,3255f
80,1285m,976f
81,1292m,1424f
82,129m,4119f
83,1301m,4510f
84,1302m,1344f
85,1308m,4256f
86,1311m,2833f
87,1313m,7f
88,1314m,4771f
89,1319m,4934f
90,1322m,2431f
91,1323m,5660f
92,1325m,3785f
93,1327m,1481f
94,132m,1726f
95,1330m,5248f
96,1331m,5303f
97,1334m,4888f
98,1338m,2986f
99,133m,948f
100,1340m,4269f
101,1346m,1206f
102,1353m,5064f
103,1354m,1067f
104,1355m,3216f
105,135m,4521f
106,1360m,4673f
107,1362m,3966f
108,1363m,353f
109,1365m,1798f
110,1366m,1185f
111,136m,2948f
112,1372m,1835f
113,1379m,2929f
114,137m,4852f
115,1380m,644f
116,1381m,415f
117,1385m,6878f
118,1386m,1964f
119,1391m,4091f
120,1392m,245f
121,1393m,352f
122,1403m,1263f
123,1408m,5226f
124,1408m,7527f
125,140m,4627f
126,1410m,508f
127,1412m,795f
128,1418m,907f
129,1419m,6294f
130,1421m,2937f
131,1423m,3224f
132,1428m,3504f
133,1429m,59f
134,142m,640f
135,1438m,283f
136,1440m,1312f
137,1444m,4636f
138,1447m,2757f
139,1449m,4345f
140,144m,7330f
141,1451m,1989f
142,1453m,1574f
143,1461m,586f
144,1466m,5225f
145,1467m,250f
146,1468m,2635f
147,1472m,2252f
148,1473m,1908f
149,1475m,4462f
150,1477m,2326f
151,1478m,1629f
152,1479m,2068f
153,1485m,6f
154,1489m,1955f
155,1490m,1826f
156,1491m,4399f
157,1495m,3948f
158,1498m,2056f
159,149m,7524f
160,1501m,4023f
161,1504m,1469f
162,1505m,2698f
163,1508m,3235f
164,1509m,504f
165,1513m,5234f
166,1516m,150f
167,1517m,4035f
168,1524m,2567f
169,1528m,3315f
170,1531m,2954f
171,1532m,3145f
172,1536m,4431f
173,1540m,1682f
174,1543m,14f
175,1547m,2878f
176,1548m,3120f
177,154m,4370f
178,1555m,2729f
179,1564m,2028f
180,1568m,2792f
181,156m,1193f
182,1571m,941f
183,1581m,540f
184,1585m,3860f
185,1592m,3617f
186,1593m,1583f
187,1595m,826f
188,15m,1130f
189,1600m,5639f
190,1601m,4071f
191,1602m,79f
192,1609m,2727f
193,160m,3820f
194,1611m,2867f
195,1611m,970f
196,1612m,2450f
197,1613m,1204f
198,1614m,1400f
199,1616m,3294f
200,1617m,2891f
201,1618m,2098f
202,1619m,2861f
203,1622m,3477f
204,1624m,5257f
205,1628m,86f
206,1630m,3764f
207,1631m,2934f
208,1635m,2932f
209,1641m,1579f
210,1649m,5328f
211,164m,801f
212,1652m,3537f
213,165m,3418f
214,1661m,575f
215,1665m,328f
216,1666m,299f
217,1670m,3568f
218,1671m,1821f
219,1673m,3074f
220,1679m,4649f
221,1680m,2517f
222,1692m,669f
223,1695m,99f
224,1698m,2364f
225,1698m,2435f
226,169m,1163f
227,16m,936f
228,1700m,5252f
229,1709m,2993f
230,1711m,3296f
231,1713m,4765f
232,1718m,3722f
233,1724m,1401f
234,1724m,7332f
235,1727m,2762f
236,1730m,201f
237,1733m,333f
238,1743m,2496f
239,1745m,1608f
240,174m,660f
241,1751m,4582f
242,1756m,853f
243,1757m,6288f
244,1758m,4816f
245,1760m,1335f
246,1765m,5264f
247,1767m,3068f
248,1768m,6502f
249,1770m,3044f
250,1772m,1558f
251,1783m,2997f
252,178m,4334f
253,1794m,624f
254,1795m,3686f
255,1796m,3770f
256,1799m,1343f
257,1806m,1374f
258,1807m,1208f
259,1810m,403f
260,1815m,65f
261,1817m,47f
262,1818m,1834f
263,183m,4690f
264,1840m,3193f
265,1844m,7055f
266,1846m,3938f
267,1848m,1660f
268,184m,4733f
269,1854m,565f
270,1855m,3998f
271,1856m,7233f
272,1857m,2244f
273,1860m,1460f
274,1861m,7141f
275,1866m,2216f
276,1866m,1297f
277,1867m,1153f
278,1868m,3053f
279,1869m,2444f
280,186m,4727f
281,1874m,2639f
282,1877m,4829f
283,187m,5298f
284,1882m,946f
285,1887m,1352f
286,1894m,1828f
287,18m,3248f
288,1901m,4503f
289,1905m,3448f
290,1907m,4676f
291,190m,5243f
292,1910m,2015f
293,1914m,1092f
294,1915m,3346f
295,1918m,2703f
296,191m,2681f
297,1924m,4991f
298,1925m,4851f
299,1931m,4175f
300,1937m,785f
301,1940m,5315f
302,1941m,5480f
303,1942m,1741f
304,1945m,1480f
305,1946m,1154f
306,1947m,1904f
307,1951m,687f
308,1952m,631f
309,1954m,2652f
310,1956m,3940f
311,1959m,5259f
312,1970m,3281f
313,1971m,980f
314,1972m,2391f
315,1973m,2340f
316,1974m,4197f
317,1979m,1786f
318,197m,4419f
319,1986m,1843f
320,1987m,5251f
321,1988m,1849f
322,1991m,3844f
323,1996m,5245f
324,1998m,4970f
325,19m,4137f
326,2000m,454f
327,2002m,6616f
328,2004m,5273f
329,2007m,596f
330,2008m,3273f
331,2009m,1681f
332,2012m,515f
333,2022m,4953f
334,2029m,3528f
335,2034m,4433f
336,2035m,1687f
337,2037m,791f
338,2038m,5050f
339,2044m,2108f
340,2045m,4406f
341,2046m,6005f
342,2048m,1348f
343,2052m,4448f
344,2055m,2409f
345,2061m,57f
346,2063m,6961f
347,2065m,5606f
348,2069m,3935f
349,2070m,492f
350,2071m,3354f
351,2072m,4615f
352,2074m,462f
353,2076m,2553f
354,2078m,3437f
355,2079m,3232f
356,2081m,1716f
357,2081m,3183f
358,2089m,3711f
359,2092m,3573f
360,2094m,3545f
361,2100m,3247f
362,2105m,3239f
363,2112m,5306f
364,2113m,2870f
365,2115m,4184f
366,2120m,5308f
367,2121m,1287f
368,2122m,2721f
369,2123m,1827f
370,2128m,4478f
371,2132m,563f
372,2136m,2350f
373,2138m,1031f
374,213m,1219f
375,2140m,324f
376,2142m,387f
377,2145m,2460f
378,2149m,3745f
379,214m,3555f
380,2158m,168f
381,2161m,246f
382,2162m,267f
383,2164m,3167f
384,2164m,5806f
385,2165m,1535f
386,2168m,818f
387,2170m,4817f
388,2172m,1997f
389,2179m,4029f
390,2182m,1004f
391,2182m,2395f
392,2184m,967f
393,2188m,4124f
394,2189m,4823f
395,2190m,832f
396,2191m,1312f
397,2192m,4901f
398,2194m,4813f
399,2196m,7428f
400,2198m,6003f
401,2199m,5277f
402,2202m,2083f
403,2203m,2475f
404,2208m,2997f
405,2208m,891f
406,2217m,1615f
407,2219m,4547f
408,2221m,2926f
409,2221m,4459f
410,2222m,3483f
411,2224m,1753f
412,2226m,5747f
413,2229m,1577f
414,2231m,66f
415,2232m,3353f
416,2238m,2109f
417,2241m,1503f
418,2249m,3847f
419,2253m,576f
420,2254m,1802f
421,2256m,5921f
422,2259m,176f
423,2261m,4857f
424,2262m,1748f
425,2267m,1938f
426,226m,3953f
427,2275m,3738f
428,2276m,4868f
429,2280m,2690f
430,2284m,1902f
431,2291m,4695f
432,2295m,4387f
433,2297m,4424f
434,22m,4326f
435,2300m,1427f
436,2303m,3292f
437,2303m,1552f
438,2304m,2174f
439,2305m,874f
440,2308m,3f
441,2309m,2465f
442,2309m,180f
443,230m,1657f
444,2310m,1738f
445,2312m,2999f
446,2313m,2975f
447,2314m,2638f
448,2315m,3885f
449,2318m,4260f
450,2321m,219f
451,2325m,2985f
452,2333m,5233f
453,2343m,2299f
454,2347m,3859f
455,234m,862f
456,2351m,2673f
457,2352m,4006f
458,2354m,2446f
459,2356m,875f
460,2358m,3789f
461,2359m,1590f
462,2361m,1254f
463,2366m,6302f
464,2367m,4177f
465,2368m,3228f
466,2369m,3194f
467,2371m,4296f
468,2374m,3778f
469,2375m,437f
470,2377m,3427f
471,2378m,5238f
472,2379m,450f
473,237m,1573f
474,2380m,3668f
475,2382m,3417f
476,2385m,3467f
477,2386m,3369f
478,2388m,4498f
479,2389m,1387f
480,2390m,4703f
481,2392m,3204f
482,2394m,2090f
483,2396m,5627f
484,2398m,5213f
485,2402m,3732f
486,2405m,1000f
487,2410m,4750f
488,2413m,4145f
489,2414m,748f
490,2415m,6299f
491,2417m,1050f
492,2418m,1837f
493,2419m,2066f
494,2424m,3144f
495,2426m,3925f
496,2428m,789f
497,2429m,5f
498,2432m,4694f
499,2434m,3963f
500,2436m,3336f
501,2438m,2829f
502,2440m,965f
503,2441m,1006f
504,2442m,6301f
505,2448m,3443f
506,2449m,7146f
507,2453m,2831f
508,2453m,5066f
509,2455m,2041f
510,2459m,317f
511,2463m,2073f
512,2464m,1249f
513,2466m,5222f
514,2479m,3664f
515,247m,1771f
516,2483m,2383f
517,2484m,4786f
518,2485m,3559f
519,2487m,1980f
520,2488m,216f
521,2489m,4169f
522,248m,6788f
523,2490m,3482f
524,2491m,1211f
525,2492m,3424f
526,2493m,1397f
527,2495m,1729f
528,2499m,2715f
529,2502m,2886f
530,2503m,681f
531,2506m,3723f
532,2507m,2907f
533,2511m,1537f
534,2513m,2016f
535,2516m,3009f
536,2518m,4331f
537,2521m,1131f
538,2526m,1542f
539,2529m,3391f
540,252m,969f
541,2531m,2421f
542,2533m,2445f
543,2540m,2435f
544,2546m,4454f
545,2547m,1422f
546,2551m,3793f
547,2552m,4782f
548,2554m,6006f
549,2554m,2831f
550,2555m,153f
551,2556m,767f
552,2557m,708f
553,2561m,1235f
554,2565m,4107f
555,2568m,5288f
556,2571m,2933f
557,2572m,4845f
558,2572m,1633f
559,2574m,3472f
560,2577m,1350f
561,2578m,7235f
562,257m,524f
563,2580m,2927f
564,2581m,1019f
565,2583m,4529f
566,2587m,758f
567,2589m,295f
568,258m,1333f
569,2591m,4961f
570,2592m,419f
571,2598m,639f
572,259m,3095f
573,2600m,110f
574,2601m,3612f
575,2603m,2242f
576,2604m,3563f
577,2607m,1017f
578,2608m,4728f
579,2609m,1069f
580,2610m,326f
581,2614m,1083f
582,2615m,3557f
583,2617m,2674f
584,2623m,4558f
585,2632m,1898f
586,2634m,3864f
587,2637m,4894f
588,2642m,1895f
589,2644m,4838f
590,2649m,2155f
591,2650m,345f
592,2651m,1958f
593,2655m,3459f
594,2658m,5282f
595,2659m,3663f
596,2660m,2981f
597,2662m,3060f
598,266m,3226f
599,2675m,2027f
600,2676m,1240f
601,2683m,1401f
602,2685m,603f
603,2692m,5294f
604,269m,5265f
605,26m,727f
606,2700m,3288f
607,2708m,2454f
608,2710m,3768f
609,2711m,2452f
610,2717m,7236f
611,2718m,4381f
612,2719m,3615f
613,2723m,5270f
614,2726m,4371f
615,2731m,6408f
616,2731m,1492f
617,2734m,3293f
618,2734m,4000f
619,2736m,1927f
620,2737m,1875f
621,2740m,3049f
622,2741m,2793f
623,2749m,6611f
624,2750m,4451f
625,2753m,1062f
626,2756m,1572f
627,2758m,1226f
628,275m,395f
629,275m,7433f
630,2763m,796f
631,2767m,2195f
632,2768m,4243f
633,2769m,2822f
634,276m,3580f
635,2770m,2265f
636,2770m,7142f
637,2771m,1526f
638,2773m,2134f
639,2775m,2714f
640,2776m,467f
641,2777m,4939f
642,2779m,3463f
643,277m,2167f
644,2781m,1388f
645,2782m,2482f
646,2791m,1309f
647,2794m,1337f
648,2796m,1140f
649,2797m,1562f
650,2800m,3683f
651,2801m,986f
652,2806m,594f
653,2810m,871f
654,2812m,2003f
655,2813m,1704f
656,2814m,399f
657,2819m,2919f
658,2827m,3488f
659,2828m,920f
660,282m,368f
661,2835m,1317f
662,2836m,1175f
663,2839m,2169f
664,2842m,991f
665,2843m,162f
666,2846m,410f
667,2848m,2809f
668,2849m,5310f
669,2849m,979f
670,2852m,1127f
671,2854m,3558f
672,2855m,7139f
673,2859m,620f
674,2863m,2909f
675,2864m,1916f
676,2869m,4443f
677,2871m,557f
678,2874m,2898f
679,2879m,666f
680,2882m,3242f
681,2885m,3479f
682,2892m,2570f
683,2894m,1288f
684,2897m,4325f
685,2899m,932f
686,2900m,1075f
687,2903m,3952f
688,2905m,1258f
689,2906m,857f
690,2908m,4263f
691,290m,4736f
692,2912m,4735f
693,2916m,4152f
694,292m,4781f
695,2931m,6881f
696,2936m,305f
697,293m,2478f
698,2941m,1762f
699,2942m,2868f
700,2944m,2228f
701,2946m,204f
702,2947m,4127f
703,294m,3141f
704,2952m,5214f
705,2952m,5626f
706,2953m,1463f
707,2955m,5301f
708,2957m,4600f
709,2959m,5272f
710,2960m,1662f
711,2963m,2631f
712,2965m,3508f
713,2967m,6411f
714,296m,5286f
715,2970m,3210f
716,2974m,1606f
717,2977m,2040f
718,2979m,5323f
719,297m,4538f
720,2982m,593f
721,2983m,3758f
722,2989m,1995f
723,2991m,664f
724,2996m,2058f
725,3016m,2998f
726,3017m,2051f
727,3023m,3432f
728,3030m,1310f
729,3033m,2470f
730,3037m,2569f
731,3039m,4242f
732,303m,533f
733,3043m,564f
734,3045m,4665f
735,3046m,4450f
736,3047m,284f
737,304m,2803f
738,3058m,4983f
739,3070m,2807f
740,3073m,2026f
741,3077m,2914f
742,3081m,2922f
743,3082m,1070f
744,3085m,5250f
745,3086m,4552f
746,3087m,2423f
747,3088m,6787f
748,3090m,1286f
749,3096m,5237f
750,3097m,4355f
751,3100m,3677f
752,3101m,4404f
753,3103m,2876f
754,3105m,4577f
755,3108m,1253f
756,3109m,1633f
757,3110m,5749f
758,3119m,4380f
759,3123m,2508f
760,3125m,5515f
761,3127m,1943f
762,3128m,5494f
763,3129m,1644f
764,312m,3444f
765,3132m,5046f
766,3142m,4718f
767,3147m,1328f
768,3148m,2373f
769,314m,5249f
770,3150m,4942f
771,3154m,5293f
772,315m,54f
773,3160m,3381f
774,3162m,1702f
775,316m,4566f
776,3170m,1647f
777,3172m,3002f
778,3173m,3669f
779,3179m,1169f
780,3180m,4157f
781,3181m,2169f
782,3182m,5320f
783,3190m,1893f
784,3196m,5256f
785,3198m,2746f
786,3208m,4011f
787,3209m,1791f
788,3211m,2481f
789,3212m,3512f
790,3217m,1911f
791,3217m,3670f
792,3218m,3373f
793,3219m,2090f
794,321m,734f
795,3221m,5223f
796,322m,1659f
797,3230m,3065f
798,3231m,7329f
799,3233m,4412f
800,3234m,5340f
801,3240m,5241f
802,3243m,722f
803,3243m,2699f
804,3244m,1394f
805,3254m,1205f
806,3257m,985f
807,3263m,101f
808,3265m,1580f
809,3268m,1120f
810,3269m,720f
811,3271m,5789f
812,3274m,4395f
813,327m,192f
814,3283m,5331f
815,3284m,1776f
816,3285m,891f
817,3290m,3816f
818,3295m,3895f
819,3299m,3270f
820,3308m,1932f
821,3310m,254f
822,3311m,1530f
823,3312m,1047f
824,3314m,268f
825,3316m,952f
826,3317m,2856f
827,3318m,3278f
828,3320m,27f
829,3322m,313f
830,3323m,2705f
831,3326m,4158f
832,3329m,5557f
833,332m,3305f
834,3333m,3412f
835,3335m,5297f
836,3338m,4206f
837,3339m,1110f
838,3357m,2270f
839,3358m,1089f
840,3359m,2323f
841,3359m,537f
842,3360m,2095f
843,3366m,5556f
844,3367m,4102f
845,336m,5661f
846,3379m,1178f
847,3382m,635f
848,3383m,4367f
849,3384m,3436f
850,3387m,4417f
851,3388m,2966f
852,3390m,7140f
853,3393m,421f
854,3399m,3794f
855,339m,2630f
856,33m,4089f
857,3403m,2679f
858,3404m,3855f
859,3407m,4141f
860,3407m,2515f
861,3407m,2992f
862,3409m,547f
863,3416m,48f
864,3419m,2235f
865,3420m,4232f
866,3421m,2151f
867,3422m,860f
868,3423m,829f
869,3430m,3703f
870,3431m,1435f
871,3431m,3645f
872,3433m,5269f
873,3434m,2287f
874,3440m,4491f
875,3441m,1862f
876,3445m,3949f
877,344m,6503f
878,3450m,2082f
879,3451m,4563f
880,3456m,1642f
881,3461m,5227f
882,3464m,1145f
883,3466m,2399f
884,3469m,5220f
885,346m,4070f
886,3474m,2239f
887,3476m,3325f
888,3480m,4440f
889,3481m,3025f
890,3487m,4588f
891,3489m,1957f
892,3490m,3979f
893,3494m,2661f
894,3495m,2447f
895,3496m,1658f
896,3498m,1825f
897,3510m,4515f
898,3513m,1305f
899,3514m,3726f
900,3515m,220f
901,3519m,3882f
902,3520m,2788f
903,3523m,1430f
904,3524m,5232f
905,3524m,5681f
906,3532m,3486f
907,3536m,1238f
908,3540m,4258f
909,3548m,4574f
910,354m,3652f
911,3550m,1021f
912,3552m,93f
913,355m,5275f
914,3567m,2677f
915,3569m,2539f
916,3574m,1279f
917,3575m,4005f
918,3578m,1149f
919,3581m,2040f
920,3584m,3251f
921,3584m,7430f
922,3586m,3772f
923,3586m,5722f
924,3587m,1304f
925,3590m,4227f
926,3594m,718f
927,3595m,2670f
928,3596m,2099f
929,3597m,1735f
930,3601m,823f
931,3602m,4312f
932,3606m,4553f
933,3608m,3062f
934,3609m,3149f
935,3611m,3672f
936,3619m,3158f
937,361m,3018f
938,3622m,1160f
939,3628m,4795f
940,3635m,1210f
941,3636m,4923f
942,363m,3079f
943,3642m,2084f
944,3650m,212f
945,3653m,1763f
946,3654m,4561f
947,3658m,4713f
948,3658m,5708f
949,3667m,1376f
950,3673m,1267f
951,3675m,3099f
952,3675m,4032f
953,3680m,5561f
954,3687m,1488f
955,3694m,3957f
956,3696m,4922f
957,3699m,177f
958,369m,4792f
959,3700m,5236f
960,3704m,3213f
961,370m,3370f
962,3712m,3042f
963,3714m,643f
964,3714m,3976f
965,3715m,6002f
966,3716m,6304f
967,3717m,3091f
968,3718m,4966f
969,371m,5015f
970,3720m,5322f
971,3727m,3428f
972,3729m,892f
973,372m,2786f
974,3730m,6506f
975,3737m,2014f
976,3739m,1339f
977,3744m,4756f
978,3746m,3066f
979,3747m,649f
980,3751m,5229f
981,3752m,5260f
982,3756m,5299f
983,3757m,1985f
984,3759m,3971f
985,375m,4134f
986,3761m,256f
987,3765m,4523f
988,3769m,1968f
989,3773m,3300f
990,3774m,2251f
991,3775m,4562f
992,3783m,1777f
993,3784m,1506f
994,3786m,3291f
995,3787m,2319f
996,378m,6880f
997,3791m,3618f
998,3791m,3772f
999,379m,1534f
1000,3806m,3685f
1001,3807m,529f
1002,3808m,3059f
1003,380m,1056f
1004,380m,161f
1005,3810m,2915f
1006,3811m,4293f
1007,3815m,2486f
1008,3821m,5316f
1009,3822m,3921f
1010,3823m,3710f
1011,3826m,539f
1012,3828m,396f
1013,3834m,1166f
1014,3836m,999f
1015,3839m,5290f
1016,3840m,1156f
1017,384m,4952f
1018,3850m,1265f
1019,3851m,4864f
1020,3852m,2997f
1021,3858m,381f
1022,385m,49f
1023,3868m,428f
1024,3872m,2060f
1025,3873m,5339f
1026,3878m,4190f
1027,3883m,3292f
1028,3886m,1099f
1029,3887m,4382f
1030,3896m,2501f
1031,389m,3707f
1032,3903m,5361f
1033,3906m,4426f
1034,3907m,2427f
1035,3912m,705f
1036,3913m,5313f
1037,3914m,4024f
1038,3915m,2873f
1039,3917m,2412f
1040,3918m,1492f
1041,391m,829f
1042,3920m,518f
1043,3924m,1035f
1044,392m,6962f
1045,3931m,1058f
1046,3932m,4214f
1047,3933m,2720f
1048,3943m,5247f
1049,3946m,7053f
1050,3955m,205f
1051,3956m,741f
1052,3964m,7423f
1053,3967m,4479f
1054,3969m,6410f
1055,3973m,2889f
1056,3974m,3809f
1057,3975m,1049f
1058,3977m,5215f
1059,3978m,5319f
1060,3983m,4231f
1061,3984m,5555f
1062,3987m,5558f
1063,3990m,500f
1064,3992m,3553f
1065,3996m,764f
1066,3999m,4032f
1067,39m,4646f
1068,4009m,4740f
1069,4012m,5280f
1070,4016m,1668f
1071,4019m,5228f
1072,4020m,6300f
1073,4022m,1470f
1074,4027m,5296f
1075,4028m,3530f
1076,402m,6289f
1077,4031m,4535f
1078,4033m,5289f
1079,4037m,143f
1080,4038m,1329f
1081,4040m,478f
1082,4041m,2225f
1083,4042m,5221f
1084,4043m,17f
1085,404m,347f
1086,404m,3859f
1087,4051m,2053f
1088,4054m,4850f
1089,4055m,388f
1090,4057m,2498f
1091,4059m,4014f
1092,4061m,1923f
1093,4062m,2178f
1094,4064m,712f
1095,4068m,3220f
1096,4069m,2611f
1097,406m,2823f
1098,4072m,3267f
1099,4072m,3660f
1100,4073m,1759f
1101,4076m,899f
1102,4079m,1307f
1103,4082m,1279f
1104,4082m,7237f
1105,4086m,331f
1106,4087m,587f
1107,4088m,2597f
1108,408m,827f
1109,409m,2689f
1110,4110m,4346f
1111,4111m,4978f
1112,4113m,890f
1113,4114m,2647f
1114,4117m,4880f
1115,4118m,4384f
1116,411m,4349f
1117,4122m,1135f
1118,4125m,4493f
1119,4129m,1766f
1120,4135m,4185f
1121,4138m,642f
1122,4148m,2735f
1123,4150m,3176f
1124,4151m,4390f
1125,4156m,802f
1126,4160m,5285f
1127,4161m,825f
1128,4163m,538f
1129,4165m,4608f
1130,4171m,3621f
1131,4173m,1113f
1132,4182m,1850f
1133,4188m,3662f
1134,4191m,4520f
1135,4191m,222f
1136,4194m,1053f
1137,4196m,53f
1138,4198m,2166f
1139,4201m,887f
1140,4203m,2883f
1141,4207m,4995f
1142,4209m,4116f
1143,420m,4078f
1144,4210m,5218f
1145,4210m,5554f
1146,4219m,1022f
1147,4219m,4638f
1148,4222m,4217f
1149,4226m,5226f
1150,423m,1529f
1151,4244m,3276f
1152,4246m,224f
1153,425m,5239f
1154,4261m,3904f
1155,4262m,4716f
1156,4265m,3833f
1157,426m,5501f
1158,4270m,3682f
1159,4280m,1452f
1160,4281m,4476f
1161,4284m,2766f
1162,4287m,4996f
1163,4290m,3690f
1164,4291m,2872f
1165,4292m,4997f
1166,4302m,4776f
1167,4303m,5552f
1168,4305m,286f
1169,4306m,3452f
1170,4307m,3491f
1171,430m,4825f
1172,4310m,1022f
1173,4315m,4506f
1174,431m,1935f
1175,4320m,6097f
1176,4323m,4133f
1177,4324m,188f
1178,4327m,885f
1179,4329m,5258f
1180,432m,5266f
1181,4330m,4586f
1182,4332m,1626f
1183,4336m,210f
1184,4337m,704f
1185,433m,543f
1186,4340m,2764f
1187,4342m,730f
1188,4343m,4058f
1189,4348m,940f
1190,4351m,3755f
1191,4352m,3848f
1192,4353m,4067f
1193,4359m,1188f
1194,435m,993f
1195,4361m,348f
1196,4363m,122f
1197,4364m,1100f
1198,4369m,1976f
1199,4372m,6409f
1200,4377m,5503f
1201,4379m,3345f
1202,4385m,1706f
1203,438m,5268f
1204,4391m,1525f
1205,4393m,1886f
1206,4400m,105f
1207,4401m,4347f
1208,4402m,4662f
1209,4403m,4619f
1210,4405m,1173f
1211,4409m,4375f
1212,440m,713f
1213,4410m,3237f
1214,4415m,3825f
1215,4416m,1651f
1216,4418m,872f
1217,4420m,4494f
1218,4421m,2234f
1219,4422m,1500f
1220,4425m,5262f
1221,4427m,3184f
1222,4429m,881f
1223,4432m,4008f
1224,4436m,1275f
1225,4438m,4056f
1226,4438m,5502f
1227,4438m,5474f
1228,443m,2748f
1229,4441m,2317f
1230,4442m,3280f
1231,4445m,6609f
1232,4447m,2795f
1233,4449m,5217f
1234,4449m,5212f
1235,4449m,509f
1236,4452m,3238f
1237,4453m,1111f
1238,4455m,3681f
1239,4460m,3591f
1240,4460m,5032f
1241,4461m,521f
1242,4465m,2519f
1243,4466m,645f
1244,4468m,4904f
1245,4469m,2024f
1246,4470m,4186f
1247,4471m,2125f
1248,4471m,4250f
1249,4473m,3927f
1250,4474m,3112f
1251,4480m,2602f
1252,4481m,4891f
1253,4482m,2341f
1254,4483m,509f
1255,4483m,4673f
1256,4484m,2691f
1257,4485m,7054f
1258,4486m,4602f
1259,448m,330f
1260,449m,3462f
1261,4501m,2964f
1262,4512m,4890f
1263,4514m,407f
1264,4516m,4021f
1265,451m,1124f
1266,4522m,3020f
1267,4530m,5563f
1268,4533m,1437f
1269,4534m,4230f
1270,4537m,3115f
1271,4537m,2026f
1272,4539m,3781f
1273,4539m,1917f
1274,4541m,6296f
1275,4542m,2408f
1276,4543m,3651f
1277,4544m,5344f
1278,4546m,5255f
1279,4549m,900f
1280,4554m,4322f
1281,4556m,4025f
1282,4557m,7144f
1283,4560m,2462f
1284,4564m,2978f
1285,4565m,4208f
1286,4567m,846f
1287,4568m,2566f
1288,4569m,6505f
1289,4570m,5295f
1290,4575m,2532f
1291,4576m,4976f
1292,4579m,4121f
1293,4584m,804f
1294,458m,2527f
1295,4592m,1838f
1296,4598m,4098f
1297,4598m,2584f
1298,4598m,6006f
1299,4599m,5750f
1300,45m,5292f
1301,4601m,3287f
1302,4605m,2625f
1303,4606m,4101f
1304,4612m,3866f
1305,4613m,958f
1306,4614m,1865f
1307,461m,2032f
1308,4620m,5244f
1309,4621m,367f
1310,4622m,3201f
1311,4624m,365f
1312,4624m,7334f
1313,4630m,1708f
1314,4637m,2671f
1315,463m,4187f
1316,4641m,3321f
1317,4644m,3054f
1318,4645m,2047f
1319,4647m,231f
1320,4650m,790f
1321,4652m,2588f
1322,4653m,97f
1323,4655m,4164f
1324,4656m,1575f
1325,4657m,2025f
1326,4657m,3052f
1327,4659m,2667f
1328,465m,3313f
1329,4660m,2345f
1330,4666m,699f
1331,4668m,1457f
1332,4671m,6879f
1333,4672m,3939f
1334,4674m,4221f
1335,4675m,2778f
1336,4680m,1129f
1337,4682m,5334f
1338,4689m,4398f
1339,468m,4947f
1340,4692m,2133f
1341,4697m,4104f
1342,4701m,3309f
1343,4707m,2067f
1344,4710m,2293f
1345,4712m,3544f
1346,4714m,1502f
1347,4719m,1832f
1348,471m,1448f
1349,4720m,4607f
1350,4722m,4439f
1351,4722m,2125f
1352,4724m,1900f
1353,4729m,5020f
1354,4731m,4524f
1355,4734m,4240f
1356,4741m,6007f
1357,4742m,5224f
1358,4744m,4000f
1359,4745m,503f
1360,4751m,2193f
1361,4752m,1232f
1362,4755m,1384f
1363,475m,6290f
1364,4760m,2510f
1365,4761m,4301f
1366,4762m,2619f
1367,4763m,657f
1368,476m,2187f
1369,4774m,4231f
1370,4778m,2207f
1371,4787m,5325f
1372,4793m,455f
1373,4794m,696f
1374,4796m,2538f
1375,4798m,3647f
1376,4799m,4189f
1377,4800m,2117f
1378,4801m,4517f
1379,4802m,4648f
1380,4803m,931f
1381,4804m,3911f
1382,4807m,4386f
1383,4809m,1833f
1384,480m,585f
1385,4810m,1371f
1386,4811m,3958f
1387,4819m,4235f
1388,4824m,4408f
1389,4826m,1950f
1390,4828m,2850f
1391,4831m,442f
1392,4834m,3539f
1393,4837m,4174f
1394,4837m,3114f
1395,4840m,5230f
1396,4842m,528f
1397,4848m,5283f
1398,484m,4299f
1399,4853m,4513f
1400,4856m,71f
1401,4859m,4178f
1402,485m,3603f
1403,4861m,323f
1404,4863m,270f
1405,4866m,4785f
1406,486m,2268f
1407,4870m,625f
1408,4871m,3187f
1409,4874m,3397f
1410,4877m,4467f
1411,487m,196f
1412,4881m,4773f
1413,4882m,3997f
1414,4886m,3800f
1415,488m,3709f
1416,4893m,3426f
1417,4897m,883f
1418,4899m,1557f
1419,4902m,3174f
1420,4906m,2716f
1421,4909m,1912f
1422,490m,4414f
1423,4913m,7839f
1424,4914m,3988f
1425,4916m,1560f
1426,4928m,1707f
1427,4930m,3666f
1428,4931m,4131f
1429,4933m,1708f
1430,4935m,583f
1431,4936m,1024f
1432,493m,1382f
1433,4941m,6307f
1434,4944m,2124f
1435,4945m,2077f
1436,4946m,3572f
1437,494m,4458f
1438,4951m,4215f
1439,4960m,1710f
1440,4962m,1977f
1441,4962m,5507f
1442,4964m,3289f
1443,4971m,5263f
1444,4975m,4633f
1445,4981m,3249f
1446,4982m,1984f
1447,4987m,138f
1448,4988m,3261f
1449,4988m,5232f
1450,4993m,198f
1451,499m,3541f
1452,4m,4912f
1453,5010m,5067f
1454,5011m,909f
1455,5012m,5500f
1456,5014m,810f
1457,5018m,5621f
1458,5026m,2686f
1459,5029m,5482f
1460,502m,4496f
1461,5038m,5216f
1462,5039m,1636f
1463,5042m,7624f
1464,5044m,422f
1465,5045m,5584f
1466,5048m,5512f
1467,5054m,5040f
1468,5057m,5496f
1469,5058m,6001f
1470,5059m,2480f
1471,505m,2472f
1472,5069m,5643f
1473,5072m,5810f
1474,5074m,5017f
1475,5075m,6786f
1476,5076m,2420f
1477,5077m,38f
1478,5078m,3600f
1479,5079m,2384f
1480,507m,3760f
1481,5080m,1909f
1482,5081m,2327f
1483,5082m,512f
1484,5083m,4527f
1485,5084m,4596f
1486,5085m,930f
1487,5086m,114f
1488,5087m,1191f
1489,5088m,6297f
1490,5089m,7231f
1491,5090m,4142f
1492,5091m,4464f
1493,5092m,6293f
1494,5093m,1357f
1495,5094m,166f
1496,5095m,5231f
1497,5096m,60f
1498,5097m,3372f
1499,5098m,90f
1500,5099m,4093f
1501,5100m,6504f
1502,5101m,4990f
1503,5102m,2853f
1504,5103m,2544f
1505,5104m,4631f
1506,5105m,3301f
1507,5106m,141f
1508,5107m,3854f
1509,5108m,3795f
1510,5109m,2019f
1511,5110m,3613f
1512,5111m,4884f
1513,5112m,763f
1514,5113m,2951f
1515,5114m,243f
1516,5115m,2646f
1517,5116m,4248f
1518,5117m,28f
1519,5118m,3478f
1520,5119m,2185f
1521,5120m,3902f
1522,5121m,950f
1523,5122m,2362f
1524,5123m,5267f
1525,5124m,928f
1526,5125m,6507f
1527,5126m,5309f
1528,5127m,3551f
1529,5128m,4878f
1530,5129m,866f
1531,5130m,861f
1532,5131m,1559f
1533,5132m,3215f
1534,5135m,2631f
1535,5136m,325f
1536,5137m,4669f
1537,5138m,5312f
1538,5139m,4730f
1539,5140m,4616f
1540,5141m,2528f
1541,5142m,5278f
1542,5143m,4594f
1543,5144m,4855f
1544,5145m,831f
1545,5146m,5261f
1546,5147m,4917f
1547,5148m,3909f
1548,5149m,1584f
1549,5150m,5318f
1550,5151m,6510f
1551,5152m,3684f
1552,5153m,5284f
1553,5154m,1176f
1554,5155m,1195f
1555,5155m,7845f
1556,5156m,5307f
1557,5157m,3485f
1558,5158m,749f
1559,5159m,82f
1560,5160m,568f
1561,5161m,4681f
1562,5162m,746f
1563,5163m,3649f
1564,5165m,1885f
1565,5168m,3749f
1566,5169m,4832f
1567,516m,3630f
1568,5171m,3754f
1569,5175m,852f
1570,5176m,2968f
1571,5178m,5305f
1572,517m,1852f
1573,5180m,3460f
1574,5181m,4550f
1575,5182m,1705f
1576,5184m,3763f
1577,5192m,3995f
1578,5194m,3449f
1579,5199m,2663f
1580,51m,2290f
1581,5203m,2895f
1582,525m,6291f
1583,526m,72f
1584,527m,3191f
1585,531m,439f
1586,536m,4919f
1587,542m,1992f
1588,544m,1324f
1589,5464m,5524f
1590,5465m,5037f
1591,5466m,5721f
1592,5468m,5702f
1593,5469m,3591f
1594,5471m,7426f
1595,5472m,5641f
1596,5475m,5513f
1597,5476m,5049f
1598,5477m,7429f
1599,5478m,1459f
1600,5479m,5030f
1601,5481m,5470f
1602,5484m,5697f
1603,5489m,7138f
1604,5490m,5719f
1605,5492m,5553f
1606,5493m,5617f
1607,5497m,4056f
1608,5499m,5522f
1609,549m,5254f
1610,5504m,5582f
1611,5510m,5657f
1612,5516m,5783f
1613,5519m,5506f
1614,551m,1036f
1615,5520m,5682f
1616,5523m,5706f
1617,5527m,7726f
1618,5528m,6501f
1619,5529m,6298f
1620,552m,2033f
1621,5530m,1632f
1622,5531m,3057f
1623,5532m,417f
1624,5533m,271f
1625,5534m,6508f
1626,5535m,157f
1627,5536m,4200f
1628,5537m,5560f
1629,5538m,3697f
1630,5539m,3790f
1631,553m,4139f
1632,5540m,4896f
1633,5541m,2921f
1634,5542m,235f
1635,5543m,571f
1636,5543m,629f
1637,5544m,2752f
1638,5546m,3307f
1639,554m,5240f
1640,555m,2137f
1641,556m,2266f
1642,5581m,5618f
1643,5587m,5602f
1644,5590m,5696f
1645,5591m,4289f
1646,5592m,5715f
1647,5593m,5694f
1648,5594m,5063f
1649,5596m,3529f
1650,5597m,7628f
1651,5598m,5858f
1652,5599m,5691f
1653,559m,2288f
1654,5600m,5846f
1655,5601m,5730f
1656,5603m,5687f
1657,5604m,5745f
1658,5605m,7425f
1659,5608m,5978f
1660,5609m,5637f
1661,5610m,5778f
1662,5611m,5628f
1663,5613m,6287f
1664,5616m,5612f
1665,5619m,5631f
1666,561m,5302f
1667,5620m,5704f
1668,5622m,5521f
1669,5624m,5939f
1670,5625m,1823f
1671,5629m,5720f
1672,5630m,5862f
1673,5633m,5782f
1674,5636m,5623f
1675,5644m,2799f
1676,5645m,820f
1677,5646m,4507f
1678,5647m,3019f
1679,5647m,1198f
1680,5649m,3661f
1681,5675m,6047f
1682,5677m,5723f
1683,5678m,5808f
1684,5679m,6242f
1685,5685m,5586f
1686,5686m,5870f
1687,5688m,5940f
1688,5690m,7627f
1689,5692m,5638f
1690,5698m,5724f
1691,569m,1420f
1692,56m,1296f
1693,5701m,5525f
1694,5703m,5517f
1695,5705m,5900f
1696,5707m,120f
1697,5709m,5491f
1698,570m,3535f
1699,5710m,5731f
1700,5711m,5683f
1701,5712m,3304f
1702,5717m,7629f
1703,5718m,5607f
1704,5725m,5734f
1705,5727m,5656f
1706,5729m,5483f
1707,5732m,5016f
1708,5733m,5676f
1709,5735m,5790f
1710,5736m,7525f
1711,5737m,5973f
1712,5738m,5659f
1713,5739m,4046f
1714,5739m,2215f
1715,5741m,5367f
1716,574m,1948f
1717,5761m,7840f
1718,5762m,5985f
1719,5765m,5522f
1720,5766m,5965f
1721,5767m,6139f
1722,5770m,6036f
1723,5771m,6070f
1724,5772m,5823f
1725,5773m,5850f
1726,5776m,5642f
1727,577m,3554f
1728,5784m,5781f
1729,5785m,5511f
1730,5787m,6438f
1731,5788m,5845f
1732,5791m,5777f
1733,5792m,5726f
1734,5794m,5588f
1735,5795m,5635f
1736,5802m,5889f
1737,5805m,5763f
1738,5809m,7836f
1739,5811m,5948f
1740,5816m,6286f
1741,5817m,5640f
1742,5820m,5814f
1743,5826m,2523f
1744,5827m,4205f
1745,5828m,6004f
1746,5829m,3689f
1747,5830m,3178f
1748,5832m,3763f
1749,5834m,446f
1750,5848m,5746f
1751,5851m,5713f
1752,5854m,5780f
1753,5856m,6065f
1754,5860m,5797f
1755,5863m,5932f
1756,5864m,5508f
1757,5865m,5906f
1758,5868m,6262f
1759,5869m,6285f
1760,5871m,5877f
1761,5873m,5700f
1762,5874m,5899f
1763,5875m,5849f
1764,5886m,5951f
1765,5888m,6283f
1766,588m,3506f
1767,5890m,5815f
1768,5892m,5987f
1769,5893m,5822f
1770,5895m,5857f
1771,5896m,5819f
1772,5897m,5949f
1773,5902m,6023f
1774,5907m,5799f
1775,5908m,5467f
1776,5911m,4328f
1777,5912m,3205f
1778,5930m,5936f
1779,5931m,6210f
1780,5933m,5929f
1781,5935m,5853f
1782,5937m,5944f
1783,5941m,5956f
1784,5943m,5818f
1785,5945m,5769f
1786,5950m,5938f
1787,5952m,6109f
1788,5954m,7725f
1789,5955m,5880f
1790,5958m,5867f
1791,5960m,5885f
1792,5962m,5906f
1793,5963m,6386f
1794,5964m,6145f
1795,5970m,5595f
1796,5975m,5947f
1797,5976m,6128f
1798,5979m,6154f
1799,5982m,5957f
1800,5983m,6115f
1801,5986m,5768f
1802,598m,954f
1803,599m,4311f
1804,600m,3970f
1805,6019m,5855f
1806,6021m,6157f
1807,6024m,6071f
1808,602m,119f
1809,6033m,6174f
1810,6034m,6368f
1811,6037m,6067f
1812,6038m,5959f
1813,6040m,6148f
1814,6041m,5689f
1815,6043m,6134f
1816,6044m,6000f
1817,6045m,5821f
1818,6049m,6208f
1819,604m,1520f
1820,6051m,6173f
1821,6053m,6064f
1822,6063m,6075f
1823,6066m,5928f
1824,6069m,6020f
1825,6078m,5798f
1826,6080m,6232f
1827,6081m,6166f
1828,6082m,6141f
1829,6083m,6072f
1830,6086m,5909f
1831,6087m,5495f
1832,6088m,250f
1833,6089m,3624f
1834,6089m,1201f
1835,610m,4126f
1836,6113m,5847f
1837,6117m,6154f
1838,6118m,5992f
1839,6124m,5946f
1840,6127m,5961f
1841,6129m,5774f
1842,612m,4153f
1843,6130m,6074f
1844,6131m,5905f
1845,6132m,6074f
1846,6135m,6068f
1847,6137m,5968f
1848,6138m,6156f
1849,613m,3349f
1850,6142m,5934f
1851,6143m,6153f
1852,6147m,6383f
1853,6151m,7623f
1854,6165m,6164f
1855,6167m,5953f
1856,6170m,6058f
1857,6170m,6172f
1858,6176m,6026f
1859,6178m,4487f
1860,6179m,5337f
1861,6179m,6963f
1862,617m,4885f
1863,618m,2884f
1864,619m,3151f
1865,61m,238f
1866,61m,349f
1867,61m,7427f
1868,621m,58f
1869,6226m,6333f
1870,6228m,6119f
1871,6229m,5981f
1872,622m,1881f
1873,6230m,7622f
1874,6249m,5901f
1875,6255m,5898f
1876,6256m,6217f
1877,6259m,6231f
1878,6264m,6059f
1879,6268m,5487f
1880,6269m,7232f
1881,626m,550f
1882,6270m,4365f
1883,6271m,44f
1884,6272m,2902f
1885,6273m,923f
1886,6273m,774f
1887,6274m,2245f
1888,6275m,6306f
1889,6278m,5564f
1890,6279m,5565f
1891,627m,6098f
1892,6280m,5662f
1893,6323m,6331f
1894,633m,3733f
1895,6361m,6029f
1896,637m,6303f
1897,638m,424f
1898,6392m,2958f
1899,6393m,3374f
1900,6394m,581f
1901,6396m,944f
1902,6397m,3302f
1903,6398m,3803f
1904,6399m,1174f
1905,63m,5287f
1906,646m,3605f
1907,647m,1212f
1908,648m,2180f
1909,6490m,1896f
1910,6491m,6187f
1911,6492m,4095f
1912,64m,1538f
1913,650m,2943f
1914,651m,662f
1915,653m,4211f
1916,655m,3425f
1917,656m,83f
1918,6596m,6292f
1919,6597m,2118f
1920,6598m,2497f
1921,6599m,334f
1922,659m,75f
1923,6600m,5314f
1924,6605m,3458f
1925,6608m,3824f
1926,663m,3766f
1927,665m,2860f
1928,667m,2111f
1929,667m,7328f
1930,6691m,5276f
1931,6692m,3499f
1932,6693m,1813f
1933,6694m,4918f
1934,6779m,877f
1935,6780m,31f
1936,6781m,904f
1937,6782m,4168f
1938,67m,1282f
1939,680m,1656f
1940,682m,2102f
1941,683m,5355f
1942,684m,2227f
1943,6867m,2332f
1944,6867m,3071f
1945,6868m,3297f
1946,6869m,1168f
1947,6870m,5304f
1948,6870m,2097f
1949,6871m,3881f
1950,6872m,5329f
1951,688m,4149f
1952,690m,5022f
1953,694m,1015f
1954,6956m,5583f
1955,6957m,4239f
1956,6958m,6699f
1957,6959m,3107f
1958,698m,2233f
1959,69m,4948f
1960,700m,12f
1961,7048m,2011f
1962,7048m,7432f
1963,7049m,4309f
1964,7050m,4815f
1965,707m,2171f
1966,709m,1591f
1967,710m,3117f
1968,711m,759f
1969,7125m,2101f
1970,7126m,1192f
1971,7127m,4956f
1972,715m,3286f
1973,717m,4658f
1974,719m,4844f
1975,7217m,5680f
1976,7218m,2376f
1977,7219m,7234f
1978,7220m,3817f
1979,7221m,1105f
1980,7222m,1782f
1981,7223m,7058f
1982,7228m,7143f
1983,723m,5336f
1984,725m,4036f
1985,728m,2298f
1986,7308m,5988f
1987,7309m,2928f
1988,7310m,7331f
1989,7311m,4457f
1990,7312m,121f
1991,7313m,2005f
1992,7315m,7530f
1993,7316m,3055f
1994,731m,3734f
1995,7320m,4548f
1996,733m,2834f
1997,735m,1788f
1998,7408m,5061f
1999,7409m,4231f
2000,7410m,7424f
2001,7411m,7333f
2002,7412m,1660f
2003,742m,4950f
2004,747m,3614f
2005,747m,1376f
2006,7508m,7526f
2007,7509m,560f
2008,750m,2837f
2009,7510m,3618f
2010,7511m,7523f
2011,7512m,1583f
2012,7513m,3681f
2013,7517m,4698f
2014,751m,1864f
2015,754m,2596f
2016,756m,849f
2017,760m,3655f
2018,7612m,7733f
2019,7613m,7843f
2020,7614m,3301f
2021,762m,597f
2022,765m,1239f
2023,76m,4703f
2024,7713m,7731f
2025,7714m,7729f
2026,7715m,7625f
2027,7716m,5824f
2028,7717m,4970f
2029,7718m,7732f
2030,7722m,7435f
2031,772m,771f
2032,773m,5559f
2033,775m,1831f
2034,776m,703f
2035,777m,2509f
2036,779m,1510f
2037,77m,701f
2038,780m,3313f
2039,7816m,7844f
2040,7817m,7846f
2041,7822m,1004f
2042,784m,2626f
2043,788m,181f
2044,792m,4357f
2045,798m,4162f
2046,806m,1750f
2047,809m,2787f
2048,811m,3976f
2049,813m,1737f
2050,815m,2818f
2051,816m,123f
2052,817m,2274f
2053,821m,1725f
2054,833m,5246f
2055,834m,3713f
2056,837m,2678f
2057,838m,4384f
2058,839m,4716f
2059,840m,3465f
2060,841m,5253f
2061,842m,360f
2062,845m,4974f
2063,847m,4984f
2064,848m,566f
2065,851m,6509f
2066,854m,472f
2067,858m,222f
2068,858m,4532f
2069,868m,128f
2070,870m,3401f
2071,873m,460f
2072,879m,628f
2073,880m,3034f
2074,886m,42f
2075,889m,3736f
2076,88m,1638f
2077,893m,4288f
2078,895m,4616f
2079,897m,702f
2080,8m,1404f
2081,902m,236f
2082,905m,824f
2083,908m,2629f
2084,915m,4749f
2085,918m,3206f
2086,919m,2976f
2087,921m,1752f
2088,922m,3593f
2089,924m,3161f
2090,925m,2197f
2091,927m,3565f
2092,934m,1544f
2093,937m,2620f
2094,939m,5345f
2095,947m,3582f
2096,949m,4249f
2097,94m,5291f
2098,951m,2154f
2099,953m,1414f
2100,955m,1299f
2101,957m,5279f
2102,959m,511f
2103,95m,4743f
2104,966m,5311f
2105,972m,306f
2106,974m,2816f
2107,975m,3007f
2108,977m,1876f
2109,981m,6610f
2110,983m,1080f
2111,984m,161f
2112,987m,1721f
2113,98m,5518f
2114,990m,3592f
2115,994m,482f
2116,996m,1274f
2117,998m,3202f
2118,9m,4887f
